sim_time_min,event_type,policy,truck_id,origin,destination,shovel_id,dump_id,duration_min,queue_length,queue_wait_min,payload_tonnes
0.0,DISPATCH,fixed,T01,D1,S1,S1,D1,,,,
0.0,EMPTY_TRAVEL_START,fixed,T01,D1,S1,,,4.5826,,,
0.0,DISPATCH,fixed,T02,D2,S2,S2,D2,,,,
0.0,EMPTY_TRAVEL_START,fixed,T02,D2,S2,,,3.5278,,,
0.0,DISPATCH,fixed,T03,D1,S1,S1,D1,,,,
0.0,EMPTY_TRAVEL_START,fixed,T03,D1,S1,,,4.922,,,
0.0,DISPATCH,fixed,T04,D2,S2,S2,D2,,,,
0.0,EMPTY_TRAVEL_START,fixed,T04,D2,S2,,,3.8625,,,
0.0,DISPATCH,fixed,T05,D1,S1,S1,D1,,,,
0.0,EMPTY_TRAVEL_START,fixed,T05,D1,S1,,,4.9798,,,
0.0,DISPATCH,fixed,T06,D2,S2,S2,D2,,,,
0.0,EMPTY_TRAVEL_START,fixed,T06,D2,S2,,,3.6892,,,
3.5278,EMPTY_TRAVEL_END,fixed,T02,D2,S2,,,,,,
3.5278,QUEUE_FOR_SHOVEL,fixed,T02,S2,S2,S2,,,0.0,,
3.5278,LOADING_START,fixed,T02,S2,S2,S2,,5.3149,0.0,0.0,
3.6892,EMPTY_TRAVEL_END,fixed,T06,D2,S2,,,,,,
3.6892,QUEUE_FOR_SHOVEL,fixed,T06,S2,S2,S2,,,0.0,,
3.8625,EMPTY_TRAVEL_END,fixed,T04,D2,S2,,,,,,
3.8625,QUEUE_FOR_SHOVEL,fixed,T04,S2,S2,S2,,,1.0,,
4.5826,EMPTY_TRAVEL_END,fixed,T01,D1,S1,,,,,,
4.5826,QUEUE_FOR_SHOVEL,fixed,T01,S1,S1,S1,,,0.0,,
4.5826,LOADING_START,fixed,T01,S1,S1,S1,,4.4264,0.0,0.0,
4.922,EMPTY_TRAVEL_END,fixed,T03,D1,S1,,,,,,
4.922,QUEUE_FOR_SHOVEL,fixed,T03,S1,S1,S1,,,0.0,,
4.9798,EMPTY_TRAVEL_END,fixed,T05,D1,S1,,,,,,
4.9798,QUEUE_FOR_SHOVEL,fixed,T05,S1,S1,S1,,,1.0,,
8.8427,LOADING_END,fixed,T02,S2,D2,S2,,5.3149,,,
8.8427,LOADED_TRAVEL_START,fixed,T02,S2,D2,,,5.778,,,
8.8427,LOADING_START,fixed,T06,S2,S2,S2,,5.263,0.0,5.1535,
9.0091,LOADING_END,fixed,T01,S1,D1,S1,,4.4264,,,
9.0091,LOADED_TRAVEL_START,fixed,T01,S1,D1,,,7.5831,,,
9.0091,LOADING_START,fixed,T03,S1,S1,S1,,4.0184,0.0,4.0871,
13.0275,LOADING_END,fixed,T03,S1,D1,S1,,4.0184,,,
13.0275,LOADED_TRAVEL_START,fixed,T03,S1,D1,,,6.2598,,,
13.0275,LOADING_START,fixed,T05,S1,S1,S1,,4.6221,0.0,8.0477,
14.1056,LOADING_END,fixed,T06,S2,D2,S2,,5.263,,,
14.1056,LOADED_TRAVEL_START,fixed,T06,S2,D2,,,5.187,,,
14.1056,LOADING_START,fixed,T04,S2,S2,S2,,5.4735,0.0,10.2432,
14.6207,LOADED_TRAVEL_END,fixed,T02,S2,D2,,,,,,
14.6207,QUEUE_FOR_DUMP,fixed,T02,D2,D2,,D2,,0.0,,
14.6207,DUMPING_START,fixed,T02,D2,D2,,D2,1.5798,,0.0,100.2477
16.2005,DUMPING_END,fixed,T02,D2,D2,,D2,,,,100.2477
16.2005,DISPATCH,fixed,T02,D2,S2,S2,D2,,,,
16.2005,EMPTY_TRAVEL_START,fixed,T02,D2,S2,,,4.2723,,,
16.5922,LOADED_TRAVEL_END,fixed,T01,S1,D1,,,,,,
16.5922,QUEUE_FOR_DUMP,fixed,T01,D1,D1,,D1,,0.0,,
16.5922,DUMPING_START,fixed,T01,D1,D1,,D1,1.549,,0.0,102.0
17.6495,LOADING_END,fixed,T05,S1,D1,S1,,4.6221,,,
17.6495,LOADED_TRAVEL_START,fixed,T05,S1,D1,,,6.7407,,,
18.1412,DUMPING_END,fixed,T01,D1,D1,,D1,,,,102.0
18.1412,DISPATCH,fixed,T01,D1,S1,S1,D1,,,,
18.1412,EMPTY_TRAVEL_START,fixed,T01,D1,S1,,,4.656,,,
19.2873,LOADED_TRAVEL_END,fixed,T03,S1,D1,,,,,,
19.2873,QUEUE_FOR_DUMP,fixed,T03,D1,D1,,D1,,0.0,,
19.2873,DUMPING_START,fixed,T03,D1,D1,,D1,1.6054,,0.0,96.7113
19.2926,LOADED_TRAVEL_END,fixed,T06,S2,D2,,,,,,
19.2926,QUEUE_FOR_DUMP,fixed,T06,D2,D2,,D2,,0.0,,
19.2926,DUMPING_START,fixed,T06,D2,D2,,D2,1.2196,,0.0,94.7503
19.5792,LOADING_END,fixed,T04,S2,D2,S2,,5.4735,,,
19.5792,LOADED_TRAVEL_START,fixed,T04,S2,D2,,,5.4459,,,
20.4728,EMPTY_TRAVEL_END,fixed,T02,D2,S2,,,,,,
20.4728,QUEUE_FOR_SHOVEL,fixed,T02,S2,S2,S2,,,0.0,,
20.4728,LOADING_START,fixed,T02,S2,S2,S2,,4.9532,0.0,0.0,
20.5122,DUMPING_END,fixed,T06,D2,D2,,D2,,,,94.7503
20.5122,DISPATCH,fixed,T06,D2,S2,S2,D2,,,,
20.5122,EMPTY_TRAVEL_START,fixed,T06,D2,S2,,,3.803,,,
20.8926,DUMPING_END,fixed,T03,D1,D1,,D1,,,,96.7113
20.8926,DISPATCH,fixed,T03,D1,S1,S1,D1,,,,
20.8926,EMPTY_TRAVEL_START,fixed,T03,D1,S1,,,4.8212,,,
22.7972,EMPTY_TRAVEL_END,fixed,T01,D1,S1,,,,,,
22.7972,QUEUE_FOR_SHOVEL,fixed,T01,S1,S1,S1,,,0.0,,
22.7972,LOADING_START,fixed,T01,S1,S1,S1,,4.4929,0.0,0.0,
24.3152,EMPTY_TRAVEL_END,fixed,T06,D2,S2,,,,,,
24.3152,QUEUE_FOR_SHOVEL,fixed,T06,S2,S2,S2,,,0.0,,
24.3902,LOADED_TRAVEL_END,fixed,T05,S1,D1,,,,,,
24.3902,QUEUE_FOR_DUMP,fixed,T05,D1,D1,,D1,,0.0,,
24.3902,DUMPING_START,fixed,T05,D1,D1,,D1,1.0828,,0.0,93.2416
25.0251,LOADED_TRAVEL_END,fixed,T04,S2,D2,,,,,,
25.0251,QUEUE_FOR_DUMP,fixed,T04,D2,D2,,D2,,0.0,,
25.0251,DUMPING_START,fixed,T04,D2,D2,,D2,1.7988,,0.0,89.0389
25.426,LOADING_END,fixed,T02,S2,D2,S2,,4.9532,,,
25.426,LOADED_TRAVEL_START,fixed,T02,S2,D2,,,5.9498,,,
25.426,LOADING_START,fixed,T06,S2,S2,S2,,4.4869,0.0,1.1109,
25.4731,DUMPING_END,fixed,T05,D1,D1,,D1,,,,93.2416
25.4731,DISPATCH,fixed,T05,D1,S1,S1,D1,,,,
25.4731,EMPTY_TRAVEL_START,fixed,T05,D1,S1,,,5.2853,,,
25.7139,EMPTY_TRAVEL_END,fixed,T03,D1,S1,,,,,,
25.7139,QUEUE_FOR_SHOVEL,fixed,T03,S1,S1,S1,,,0.0,,
26.8238,DUMPING_END,fixed,T04,D2,D2,,D2,,,,89.0389
26.8238,DISPATCH,fixed,T04,D2,S2,S2,D2,,,,
26.8238,EMPTY_TRAVEL_START,fixed,T04,D2,S2,,,4.0121,,,
27.2901,LOADING_END,fixed,T01,S1,D1,S1,,4.4929,,,
27.2901,LOADED_TRAVEL_START,fixed,T01,S1,D1,,,6.819,,,
27.2901,LOADING_START,fixed,T03,S1,S1,S1,,4.2436,0.0,1.5763,
29.9129,LOADING_END,fixed,T06,S2,D2,S2,,4.4869,,,
29.9129,LOADED_TRAVEL_START,fixed,T06,S2,D2,,,5.1144,,,
30.7584,EMPTY_TRAVEL_END,fixed,T05,D1,S1,,,,,,
30.7584,QUEUE_FOR_SHOVEL,fixed,T05,S1,S1,S1,,,0.0,,
30.8359,EMPTY_TRAVEL_END,fixed,T04,D2,S2,,,,,,
30.8359,QUEUE_FOR_SHOVEL,fixed,T04,S2,S2,S2,,,0.0,,
30.8359,LOADING_START,fixed,T04,S2,S2,S2,,5.7888,0.0,0.0,
31.3759,LOADED_TRAVEL_END,fixed,T02,S2,D2,,,,,,
31.3759,QUEUE_FOR_DUMP,fixed,T02,D2,D2,,D2,,0.0,,
31.3759,DUMPING_START,fixed,T02,D2,D2,,D2,1.3547,,0.0,95.9225
31.5337,LOADING_END,fixed,T03,S1,D1,S1,,4.2436,,,
31.5337,LOADED_TRAVEL_START,fixed,T03,S1,D1,,,6.9857,,,
31.5337,LOADING_START,fixed,T05,S1,S1,S1,,4.4339,0.0,0.7753,
32.7305,DUMPING_END,fixed,T02,D2,D2,,D2,,,,95.9225
32.7305,DISPATCH,fixed,T02,D2,S2,S2,D2,,,,
32.7305,EMPTY_TRAVEL_START,fixed,T02,D2,S2,,,3.5658,,,
34.1091,LOADED_TRAVEL_END,fixed,T01,S1,D1,,,,,,
34.1091,QUEUE_FOR_DUMP,fixed,T01,D1,D1,,D1,,0.0,,
34.1091,DUMPING_START,fixed,T01,D1,D1,,D1,0.9729,,0.0,96.8661
35.0273,LOADED_TRAVEL_END,fixed,T06,S2,D2,,,,,,
35.0273,QUEUE_FOR_DUMP,fixed,T06,D2,D2,,D2,,0.0,,
35.0273,DUMPING_START,fixed,T06,D2,D2,,D2,1.4566,,0.0,93.6517
35.082,DUMPING_END,fixed,T01,D1,D1,,D1,,,,96.8661
35.082,DISPATCH,fixed,T01,D1,S1,S1,D1,,,,
35.082,EMPTY_TRAVEL_START,fixed,T01,D1,S1,,,4.7044,,,
35.9676,LOADING_END,fixed,T05,S1,D1,S1,,4.4339,,,
35.9676,LOADED_TRAVEL_START,fixed,T05,S1,D1,,,6.5832,,,
36.2963,EMPTY_TRAVEL_END,fixed,T02,D2,S2,,,,,,
36.2963,QUEUE_FOR_SHOVEL,fixed,T02,S2,S2,S2,,,0.0,,
36.484,DUMPING_END,fixed,T06,D2,D2,,D2,,,,93.6517
36.484,DISPATCH,fixed,T06,D2,S2,S2,D2,,,,
36.484,EMPTY_TRAVEL_START,fixed,T06,D2,S2,,,3.8414,,,
36.6247,LOADING_END,fixed,T04,S2,D2,S2,,5.7888,,,
36.6247,LOADED_TRAVEL_START,fixed,T04,S2,D2,,,5.0605,,,
36.6247,LOADING_START,fixed,T02,S2,S2,S2,,5.5563,0.0,0.3284,
38.5194,LOADED_TRAVEL_END,fixed,T03,S1,D1,,,,,,
38.5194,QUEUE_FOR_DUMP,fixed,T03,D1,D1,,D1,,0.0,,
38.5194,DUMPING_START,fixed,T03,D1,D1,,D1,1.1483,,0.0,97.5335
39.6677,DUMPING_END,fixed,T03,D1,D1,,D1,,,,97.5335
39.6677,DISPATCH,fixed,T03,D1,S1,S1,D1,,,,
39.6677,EMPTY_TRAVEL_START,fixed,T03,D1,S1,,,4.6691,,,
39.7864,EMPTY_TRAVEL_END,fixed,T01,D1,S1,,,,,,
39.7864,QUEUE_FOR_SHOVEL,fixed,T01,S1,S1,S1,,,0.0,,
39.7864,LOADING_START,fixed,T01,S1,S1,S1,,4.7896,0.0,0.0,
40.3253,EMPTY_TRAVEL_END,fixed,T06,D2,S2,,,,,,
40.3253,QUEUE_FOR_SHOVEL,fixed,T06,S2,S2,S2,,,0.0,,
41.6852,LOADED_TRAVEL_END,fixed,T04,S2,D2,,,,,,
41.6852,QUEUE_FOR_DUMP,fixed,T04,D2,D2,,D2,,0.0,,
41.6852,DUMPING_START,fixed,T04,D2,D2,,D2,1.5371,,0.0,93.9069
42.181,LOADING_END,fixed,T02,S2,D2,S2,,5.5563,,,
42.181,LOADED_TRAVEL_START,fixed,T02,S2,D2,,,5.0322,,,
42.181,LOADING_START,fixed,T06,S2,S2,S2,,4.9082,0.0,1.8557,
42.5508,LOADED_TRAVEL_END,fixed,T05,S1,D1,,,,,,
42.5508,QUEUE_FOR_DUMP,fixed,T05,D1,D1,,D1,,0.0,,
42.5508,DUMPING_START,fixed,T05,D1,D1,,D1,1.3545,,0.0,99.696
43.2224,DUMPING_END,fixed,T04,D2,D2,,D2,,,,93.9069
43.2224,DISPATCH,fixed,T04,D2,S2,S2,D2,,,,
43.2224,EMPTY_TRAVEL_START,fixed,T04,D2,S2,,,3.9879,,,
43.9053,DUMPING_END,fixed,T05,D1,D1,,D1,,,,99.696
43.9053,DISPATCH,fixed,T05,D1,S1,S1,D1,,,,
43.9053,EMPTY_TRAVEL_START,fixed,T05,D1,S1,,,4.9559,,,
44.3368,EMPTY_TRAVEL_END,fixed,T03,D1,S1,,,,,,
44.3368,QUEUE_FOR_SHOVEL,fixed,T03,S1,S1,S1,,,0.0,,
44.576,LOADING_END,fixed,T01,S1,D1,S1,,4.7896,,,
44.576,LOADED_TRAVEL_START,fixed,T01,S1,D1,,,6.7447,,,
44.576,LOADING_START,fixed,T03,S1,S1,S1,,4.9785,0.0,0.2392,
47.0893,LOADING_END,fixed,T06,S2,D2,S2,,4.9082,,,
47.0893,LOADED_TRAVEL_START,fixed,T06,S2,D2,,,5.53,,,
47.2103,EMPTY_TRAVEL_END,fixed,T04,D2,S2,,,,,,
47.2103,QUEUE_FOR_SHOVEL,fixed,T04,S2,S2,S2,,,0.0,,
47.2103,LOADING_START,fixed,T04,S2,S2,S2,,4.6541,0.0,0.0,
47.2132,LOADED_TRAVEL_END,fixed,T02,S2,D2,,,,,,
47.2132,QUEUE_FOR_DUMP,fixed,T02,D2,D2,,D2,,0.0,,
47.2132,DUMPING_START,fixed,T02,D2,D2,,D2,1.6042,,0.0,99.3981
48.8174,DUMPING_END,fixed,T02,D2,D2,,D2,,,,99.3981
48.8174,DISPATCH,fixed,T02,D2,S2,S2,D2,,,,
48.8174,EMPTY_TRAVEL_START,fixed,T02,D2,S2,,,3.9309,,,
48.8612,EMPTY_TRAVEL_END,fixed,T05,D1,S1,,,,,,
48.8612,QUEUE_FOR_SHOVEL,fixed,T05,S1,S1,S1,,,0.0,,
49.5545,LOADING_END,fixed,T03,S1,D1,S1,,4.9785,,,
49.5545,LOADED_TRAVEL_START,fixed,T03,S1,D1,,,7.376,,,
49.5545,LOADING_START,fixed,T05,S1,S1,S1,,4.3309,0.0,0.6933,
51.3207,LOADED_TRAVEL_END,fixed,T01,S1,D1,,,,,,
51.3207,QUEUE_FOR_DUMP,fixed,T01,D1,D1,,D1,,0.0,,
51.3207,DUMPING_START,fixed,T01,D1,D1,,D1,1.1463,,0.0,95.9614
51.8643,LOADING_END,fixed,T04,S2,D2,S2,,4.6541,,,
51.8643,LOADED_TRAVEL_START,fixed,T04,S2,D2,,,5.0649,,,
52.467,DUMPING_END,fixed,T01,D1,D1,,D1,,,,95.9614
52.467,DISPATCH,fixed,T01,D1,S1,S1,D1,,,,
52.467,EMPTY_TRAVEL_START,fixed,T01,D1,S1,,,4.7445,,,
52.6193,LOADED_TRAVEL_END,fixed,T06,S2,D2,,,,,,
52.6193,QUEUE_FOR_DUMP,fixed,T06,D2,D2,,D2,,0.0,,
52.6193,DUMPING_START,fixed,T06,D2,D2,,D2,1.631,,0.0,90.1902
52.7483,EMPTY_TRAVEL_END,fixed,T02,D2,S2,,,,,,
52.7483,QUEUE_FOR_SHOVEL,fixed,T02,S2,S2,S2,,,0.0,,
52.7483,LOADING_START,fixed,T02,S2,S2,S2,,5.2722,0.0,0.0,
53.8853,LOADING_END,fixed,T05,S1,D1,S1,,4.3309,,,
53.8853,LOADED_TRAVEL_START,fixed,T05,S1,D1,,,6.5177,,,
54.2503,DUMPING_END,fixed,T06,D2,D2,,D2,,,,90.1902
54.2503,DISPATCH,fixed,T06,D2,S2,S2,D2,,,,
54.2503,EMPTY_TRAVEL_START,fixed,T06,D2,S2,,,3.7525,,,
56.9293,LOADED_TRAVEL_END,fixed,T04,S2,D2,,,,,,
56.9293,QUEUE_FOR_DUMP,fixed,T04,D2,D2,,D2,,0.0,,
56.9293,DUMPING_START,fixed,T04,D2,D2,,D2,1.4064,,0.0,84.9576
56.9305,LOADED_TRAVEL_END,fixed,T03,S1,D1,,,,,,
56.9305,QUEUE_FOR_DUMP,fixed,T03,D1,D1,,D1,,0.0,,
56.9305,DUMPING_START,fixed,T03,D1,D1,,D1,1.3004,,0.0,102.0
57.2115,EMPTY_TRAVEL_END,fixed,T01,D1,S1,,,,,,
57.2115,QUEUE_FOR_SHOVEL,fixed,T01,S1,S1,S1,,,0.0,,
57.2115,LOADING_START,fixed,T01,S1,S1,S1,,5.005,0.0,0.0,
58.0028,EMPTY_TRAVEL_END,fixed,T06,D2,S2,,,,,,
58.0028,QUEUE_FOR_SHOVEL,fixed,T06,S2,S2,S2,,,0.0,,
58.0205,LOADING_END,fixed,T02,S2,D2,S2,,5.2722,,,
58.0205,LOADED_TRAVEL_START,fixed,T02,S2,D2,,,5.9278,,,
58.0205,LOADING_START,fixed,T06,S2,S2,S2,,4.8299,0.0,0.0177,
58.2309,DUMPING_END,fixed,T03,D1,D1,,D1,,,,102.0
58.2309,DISPATCH,fixed,T03,D1,S1,S1,D1,,,,
58.2309,EMPTY_TRAVEL_START,fixed,T03,D1,S1,,,4.4894,,,
58.3357,DUMPING_END,fixed,T04,D2,D2,,D2,,,,84.9576
58.3357,DISPATCH,fixed,T04,D2,S2,S2,D2,,,,
58.3357,EMPTY_TRAVEL_START,fixed,T04,D2,S2,,,4.1876,,,
60.403,LOADED_TRAVEL_END,fixed,T05,S1,D1,,,,,,
60.403,QUEUE_FOR_DUMP,fixed,T05,D1,D1,,D1,,0.0,,
60.403,DUMPING_START,fixed,T05,D1,D1,,D1,1.2894,,0.0,95.7946
61.6924,DUMPING_END,fixed,T05,D1,D1,,D1,,,,95.7946
61.6924,DISPATCH,fixed,T05,D1,S1,S1,D1,,,,
61.6924,EMPTY_TRAVEL_START,fixed,T05,D1,S1,,,4.6217,,,
62.2166,LOADING_END,fixed,T01,S1,D1,S1,,5.005,,,
62.2166,LOADED_TRAVEL_START,fixed,T01,S1,D1,,,7.5805,,,
62.5233,EMPTY_TRAVEL_END,fixed,T04,D2,S2,,,,,,
62.5233,QUEUE_FOR_SHOVEL,fixed,T04,S2,S2,S2,,,0.0,,
62.7203,EMPTY_TRAVEL_END,fixed,T03,D1,S1,,,,,,
62.7203,QUEUE_FOR_SHOVEL,fixed,T03,S1,S1,S1,,,0.0,,
62.7203,LOADING_START,fixed,T03,S1,S1,S1,,4.6487,0.0,0.0,
62.8504,LOADING_END,fixed,T06,S2,D2,S2,,4.8299,,,
62.8504,LOADED_TRAVEL_START,fixed,T06,S2,D2,,,4.9109,,,
62.8504,LOADING_START,fixed,T04,S2,S2,S2,,4.5972,0.0,0.327,
63.9483,LOADED_TRAVEL_END,fixed,T02,S2,D2,,,,,,
63.9483,QUEUE_FOR_DUMP,fixed,T02,D2,D2,,D2,,0.0,,
63.9483,DUMPING_START,fixed,T02,D2,D2,,D2,1.3994,,0.0,99.385
65.3476,DUMPING_END,fixed,T02,D2,D2,,D2,,,,99.385
65.3476,DISPATCH,fixed,T02,D2,S2,S2,D2,,,,
65.3476,EMPTY_TRAVEL_START,fixed,T02,D2,S2,,,4.2395,,,
66.3141,EMPTY_TRAVEL_END,fixed,T05,D1,S1,,,,,,
66.3141,QUEUE_FOR_SHOVEL,fixed,T05,S1,S1,S1,,,0.0,,
67.369,LOADING_END,fixed,T03,S1,D1,S1,,4.6487,,,
67.369,LOADED_TRAVEL_START,fixed,T03,S1,D1,,,7.2119,,,
67.369,LOADING_START,fixed,T05,S1,S1,S1,,4.7866,0.0,1.0549,
67.4476,LOADING_END,fixed,T04,S2,D2,S2,,4.5972,,,
67.4476,LOADED_TRAVEL_START,fixed,T04,S2,D2,,,4.9615,,,
67.7613,LOADED_TRAVEL_END,fixed,T06,S2,D2,,,,,,
67.7613,QUEUE_FOR_DUMP,fixed,T06,D2,D2,,D2,,0.0,,
67.7613,DUMPING_START,fixed,T06,D2,D2,,D2,1.9077,,0.0,96.6982
69.5871,EMPTY_TRAVEL_END,fixed,T02,D2,S2,,,,,,
69.5871,QUEUE_FOR_SHOVEL,fixed,T02,S2,S2,S2,,,0.0,,
69.5871,LOADING_START,fixed,T02,S2,S2,S2,,5.0586,0.0,0.0,
69.669,DUMPING_END,fixed,T06,D2,D2,,D2,,,,96.6982
69.669,DISPATCH,fixed,T06,D2,S2,S2,D2,,,,
69.669,EMPTY_TRAVEL_START,fixed,T06,D2,S2,,,3.926,,,
69.7971,LOADED_TRAVEL_END,fixed,T01,S1,D1,,,,,,
69.7971,QUEUE_FOR_DUMP,fixed,T01,D1,D1,,D1,,0.0,,
69.7971,DUMPING_START,fixed,T01,D1,D1,,D1,1.0856,,0.0,98.318
70.8826,DUMPING_END,fixed,T01,D1,D1,,D1,,,,98.318
70.8826,DISPATCH,fixed,T01,D1,S1,S1,D1,,,,
70.8826,EMPTY_TRAVEL_START,fixed,T01,D1,S1,,,4.9003,,,
72.1556,LOADING_END,fixed,T05,S1,D1,S1,,4.7866,,,
72.1556,LOADED_TRAVEL_START,fixed,T05,S1,D1,,,6.9288,,,
72.4091,LOADED_TRAVEL_END,fixed,T04,S2,D2,,,,,,
72.4091,QUEUE_FOR_DUMP,fixed,T04,D2,D2,,D2,,0.0,,
72.4091,DUMPING_START,fixed,T04,D2,D2,,D2,1.1897,,0.0,96.1384
73.595,EMPTY_TRAVEL_END,fixed,T06,D2,S2,,,,,,
73.595,QUEUE_FOR_SHOVEL,fixed,T06,S2,S2,S2,,,0.0,,
73.5988,DUMPING_END,fixed,T04,D2,D2,,D2,,,,96.1384
73.5988,DISPATCH,fixed,T04,D2,S2,S2,D2,,,,
73.5988,EMPTY_TRAVEL_START,fixed,T04,D2,S2,,,4.1614,,,
74.5809,LOADED_TRAVEL_END,fixed,T03,S1,D1,,,,,,
74.5809,QUEUE_FOR_DUMP,fixed,T03,D1,D1,,D1,,0.0,,
74.5809,DUMPING_START,fixed,T03,D1,D1,,D1,1.1968,,0.0,93.915
74.6457,LOADING_END,fixed,T02,S2,D2,S2,,5.0586,,,
74.6457,LOADED_TRAVEL_START,fixed,T02,S2,D2,,,5.2471,,,
74.6457,LOADING_START,fixed,T06,S2,S2,S2,,5.8418,0.0,1.0507,
75.7777,DUMPING_END,fixed,T03,D1,D1,,D1,,,,93.915
75.7777,DISPATCH,fixed,T03,D1,S1,S1,D1,,,,
75.7777,EMPTY_TRAVEL_START,fixed,T03,D1,S1,,,4.5468,,,
75.783,EMPTY_TRAVEL_END,fixed,T01,D1,S1,,,,,,
75.783,QUEUE_FOR_SHOVEL,fixed,T01,S1,S1,S1,,,0.0,,
75.783,LOADING_START,fixed,T01,S1,S1,S1,,3.8246,0.0,0.0,
77.7602,EMPTY_TRAVEL_END,fixed,T04,D2,S2,,,,,,
77.7602,QUEUE_FOR_SHOVEL,fixed,T04,S2,S2,S2,,,0.0,,
79.0844,LOADED_TRAVEL_END,fixed,T05,S1,D1,,,,,,
79.0844,QUEUE_FOR_DUMP,fixed,T05,D1,D1,,D1,,0.0,,
79.0844,DUMPING_START,fixed,T05,D1,D1,,D1,0.9893,,0.0,90.9177
79.6076,LOADING_END,fixed,T01,S1,D1,S1,,3.8246,,,
79.6076,LOADED_TRAVEL_START,fixed,T01,S1,D1,,,7.0068,,,
79.8928,LOADED_TRAVEL_END,fixed,T02,S2,D2,,,,,,
79.8928,QUEUE_FOR_DUMP,fixed,T02,D2,D2,,D2,,0.0,,
79.8928,DUMPING_START,fixed,T02,D2,D2,,D2,1.3209,,0.0,98.8506
80.0737,DUMPING_END,fixed,T05,D1,D1,,D1,,,,90.9177
80.0737,DISPATCH,fixed,T05,D1,S1,S1,D1,,,,
80.0737,EMPTY_TRAVEL_START,fixed,T05,D1,S1,,,4.7253,,,
80.3246,EMPTY_TRAVEL_END,fixed,T03,D1,S1,,,,,,
80.3246,QUEUE_FOR_SHOVEL,fixed,T03,S1,S1,S1,,,0.0,,
80.3246,LOADING_START,fixed,T03,S1,S1,S1,,4.5926,0.0,0.0,
80.4876,LOADING_END,fixed,T06,S2,D2,S2,,5.8418,,,
80.4876,LOADED_TRAVEL_START,fixed,T06,S2,D2,,,5.3553,,,
80.4876,LOADING_START,fixed,T04,S2,S2,S2,,5.0154,0.0,2.7273,
81.2137,DUMPING_END,fixed,T02,D2,D2,,D2,,,,98.8506
81.2137,DISPATCH,fixed,T02,D2,S2,S2,D2,,,,
81.2137,EMPTY_TRAVEL_START,fixed,T02,D2,S2,,,3.9642,,,
84.7989,EMPTY_TRAVEL_END,fixed,T05,D1,S1,,,,,,
84.7989,QUEUE_FOR_SHOVEL,fixed,T05,S1,S1,S1,,,0.0,,
84.9171,LOADING_END,fixed,T03,S1,D1,S1,,4.5926,,,
84.9171,LOADED_TRAVEL_START,fixed,T03,S1,D1,,,6.3469,,,
84.9171,LOADING_START,fixed,T05,S1,S1,S1,,4.5151,0.0,0.1182,
85.1779,EMPTY_TRAVEL_END,fixed,T02,D2,S2,,,,,,
85.1779,QUEUE_FOR_SHOVEL,fixed,T02,S2,S2,S2,,,0.0,,
85.503,LOADING_END,fixed,T04,S2,D2,S2,,5.0154,,,
85.503,LOADED_TRAVEL_START,fixed,T04,S2,D2,,,5.5955,,,
85.503,LOADING_START,fixed,T02,S2,S2,S2,,4.4168,0.0,0.3251,
85.8429,LOADED_TRAVEL_END,fixed,T06,S2,D2,,,,,,
85.8429,QUEUE_FOR_DUMP,fixed,T06,D2,D2,,D2,,0.0,,
85.8429,DUMPING_START,fixed,T06,D2,D2,,D2,1.3393,,0.0,95.4157
86.6144,LOADED_TRAVEL_END,fixed,T01,S1,D1,,,,,,
86.6144,QUEUE_FOR_DUMP,fixed,T01,D1,D1,,D1,,0.0,,
86.6144,DUMPING_START,fixed,T01,D1,D1,,D1,1.3131,,0.0,92.7581
87.1822,DUMPING_END,fixed,T06,D2,D2,,D2,,,,95.4157
87.1822,DISPATCH,fixed,T06,D2,S2,S2,D2,,,,
87.1822,EMPTY_TRAVEL_START,fixed,T06,D2,S2,,,3.723,,,
87.9275,DUMPING_END,fixed,T01,D1,D1,,D1,,,,92.7581
87.9275,DISPATCH,fixed,T01,D1,S1,S1,D1,,,,
87.9275,EMPTY_TRAVEL_START,fixed,T01,D1,S1,,,4.9533,,,
89.4323,LOADING_END,fixed,T05,S1,D1,S1,,4.5151,,,
89.4323,LOADED_TRAVEL_START,fixed,T05,S1,D1,,,6.9832,,,
89.9197,LOADING_END,fixed,T02,S2,D2,S2,,4.4168,,,
89.9197,LOADED_TRAVEL_START,fixed,T02,S2,D2,,,5.6646,,,
90.9052,EMPTY_TRAVEL_END,fixed,T06,D2,S2,,,,,,
90.9052,QUEUE_FOR_SHOVEL,fixed,T06,S2,S2,S2,,,0.0,,
90.9052,LOADING_START,fixed,T06,S2,S2,S2,,4.6509,0.0,0.0,
91.0985,LOADED_TRAVEL_END,fixed,T04,S2,D2,,,,,,
91.0985,QUEUE_FOR_DUMP,fixed,T04,D2,D2,,D2,,0.0,,
91.0985,DUMPING_START,fixed,T04,D2,D2,,D2,1.8493,,0.0,88.2192
91.264,LOADED_TRAVEL_END,fixed,T03,S1,D1,,,,,,
91.264,QUEUE_FOR_DUMP,fixed,T03,D1,D1,,D1,,0.0,,
91.264,DUMPING_START,fixed,T03,D1,D1,,D1,0.9992,,0.0,100.7117
92.2632,DUMPING_END,fixed,T03,D1,D1,,D1,,,,100.7117
92.2632,DISPATCH,fixed,T03,D1,S1,S1,D1,,,,
92.2632,EMPTY_TRAVEL_START,fixed,T03,D1,S1,,,4.8785,,,
92.8808,EMPTY_TRAVEL_END,fixed,T01,D1,S1,,,,,,
92.8808,QUEUE_FOR_SHOVEL,fixed,T01,S1,S1,S1,,,0.0,,
92.8808,LOADING_START,fixed,T01,S1,S1,S1,,4.2665,0.0,0.0,
92.9478,DUMPING_END,fixed,T04,D2,D2,,D2,,,,88.2192
92.9478,DISPATCH,fixed,T04,D2,S2,S2,D2,,,,
92.9478,EMPTY_TRAVEL_START,fixed,T04,D2,S2,,,3.8221,,,
95.5562,LOADING_END,fixed,T06,S2,D2,S2,,4.6509,,,
95.5562,LOADED_TRAVEL_START,fixed,T06,S2,D2,,,5.2588,,,
95.5843,LOADED_TRAVEL_END,fixed,T02,S2,D2,,,,,,
95.5843,QUEUE_FOR_DUMP,fixed,T02,D2,D2,,D2,,0.0,,
95.5843,DUMPING_START,fixed,T02,D2,D2,,D2,1.4371,,0.0,96.5076
96.4155,LOADED_TRAVEL_END,fixed,T05,S1,D1,,,,,,
96.4155,QUEUE_FOR_DUMP,fixed,T05,D1,D1,,D1,,0.0,,
96.4155,DUMPING_START,fixed,T05,D1,D1,,D1,1.2163,,0.0,99.5492
96.77,EMPTY_TRAVEL_END,fixed,T04,D2,S2,,,,,,
96.77,QUEUE_FOR_SHOVEL,fixed,T04,S2,S2,S2,,,0.0,,
96.77,LOADING_START,fixed,T04,S2,S2,S2,,5.9529,0.0,0.0,
97.0215,DUMPING_END,fixed,T02,D2,D2,,D2,,,,96.5076
97.0215,DISPATCH,fixed,T02,D2,S2,S2,D2,,,,
97.0215,EMPTY_TRAVEL_START,fixed,T02,D2,S2,,,3.9438,,,
97.1417,EMPTY_TRAVEL_END,fixed,T03,D1,S1,,,,,,
97.1417,QUEUE_FOR_SHOVEL,fixed,T03,S1,S1,S1,,,0.0,,
97.1473,LOADING_END,fixed,T01,S1,D1,S1,,4.2665,,,
97.1473,LOADED_TRAVEL_START,fixed,T01,S1,D1,,,6.8015,,,
97.1473,LOADING_START,fixed,T03,S1,S1,S1,,4.1892,0.0,0.0056,
97.6318,DUMPING_END,fixed,T05,D1,D1,,D1,,,,99.5492
97.6318,DISPATCH,fixed,T05,D1,S1,S1,D1,,,,
97.6318,EMPTY_TRAVEL_START,fixed,T05,D1,S1,,,5.2145,,,
100.8149,LOADED_TRAVEL_END,fixed,T06,S2,D2,,,,,,
100.8149,QUEUE_FOR_DUMP,fixed,T06,D2,D2,,D2,,0.0,,
100.8149,DUMPING_START,fixed,T06,D2,D2,,D2,2.1912,,0.0,95.2579
100.9653,EMPTY_TRAVEL_END,fixed,T02,D2,S2,,,,,,
100.9653,QUEUE_FOR_SHOVEL,fixed,T02,S2,S2,S2,,,0.0,,
101.3365,LOADING_END,fixed,T03,S1,D1,S1,,4.1892,,,
101.3365,LOADED_TRAVEL_START,fixed,T03,S1,D1,,,6.619,,,
102.7229,LOADING_END,fixed,T04,S2,D2,S2,,5.9529,,,
102.7229,LOADED_TRAVEL_START,fixed,T04,S2,D2,,,5.7469,,,
102.7229,LOADING_START,fixed,T02,S2,S2,S2,,4.6883,0.0,1.7576,
102.8462,EMPTY_TRAVEL_END,fixed,T05,D1,S1,,,,,,
102.8462,QUEUE_FOR_SHOVEL,fixed,T05,S1,S1,S1,,,0.0,,
102.8462,LOADING_START,fixed,T05,S1,S1,S1,,4.4719,0.0,0.0,
103.0061,DUMPING_END,fixed,T06,D2,D2,,D2,,,,95.2579
103.0061,DISPATCH,fixed,T06,D2,S2,S2,D2,,,,
103.0061,EMPTY_TRAVEL_START,fixed,T06,D2,S2,,,4.3878,,,
103.9488,LOADED_TRAVEL_END,fixed,T01,S1,D1,,,,,,
103.9488,QUEUE_FOR_DUMP,fixed,T01,D1,D1,,D1,,0.0,,
103.9488,DUMPING_START,fixed,T01,D1,D1,,D1,1.2582,,0.0,97.1016
105.207,DUMPING_END,fixed,T01,D1,D1,,D1,,,,97.1016
105.207,DISPATCH,fixed,T01,D1,S1,S1,D1,,,,
105.207,EMPTY_TRAVEL_START,fixed,T01,D1,S1,,,5.147,,,
107.3181,LOADING_END,fixed,T05,S1,D1,S1,,4.4719,,,
107.3181,LOADED_TRAVEL_START,fixed,T05,S1,D1,,,6.9076,,,
107.3939,EMPTY_TRAVEL_END,fixed,T06,D2,S2,,,,,,
107.3939,QUEUE_FOR_SHOVEL,fixed,T06,S2,S2,S2,,,0.0,,
107.4112,LOADING_END,fixed,T02,S2,D2,S2,,4.6883,,,
107.4112,LOADED_TRAVEL_START,fixed,T02,S2,D2,,,6.0777,,,
107.4112,LOADING_START,fixed,T06,S2,S2,S2,,5.1287,0.0,0.0173,
107.9556,LOADED_TRAVEL_END,fixed,T03,S1,D1,,,,,,
107.9556,QUEUE_FOR_DUMP,fixed,T03,D1,D1,,D1,,0.0,,
107.9556,DUMPING_START,fixed,T03,D1,D1,,D1,1.8277,,0.0,93.5738
108.4698,LOADED_TRAVEL_END,fixed,T04,S2,D2,,,,,,
108.4698,QUEUE_FOR_DUMP,fixed,T04,D2,D2,,D2,,0.0,,
108.4698,DUMPING_START,fixed,T04,D2,D2,,D2,2.2556,,0.0,96.0547
109.7833,DUMPING_END,fixed,T03,D1,D1,,D1,,,,93.5738
109.7833,DISPATCH,fixed,T03,D1,S1,S1,D1,,,,
109.7833,EMPTY_TRAVEL_START,fixed,T03,D1,S1,,,4.9866,,,
110.354,EMPTY_TRAVEL_END,fixed,T01,D1,S1,,,,,,
110.354,QUEUE_FOR_SHOVEL,fixed,T01,S1,S1,S1,,,0.0,,
110.354,LOADING_START,fixed,T01,S1,S1,S1,,4.603,0.0,0.0,
110.7255,DUMPING_END,fixed,T04,D2,D2,,D2,,,,96.0547
110.7255,DISPATCH,fixed,T04,D2,S2,S2,D2,,,,
110.7255,EMPTY_TRAVEL_START,fixed,T04,D2,S2,,,3.8249,,,
112.5399,LOADING_END,fixed,T06,S2,D2,S2,,5.1287,,,
112.5399,LOADED_TRAVEL_START,fixed,T06,S2,D2,,,5.1858,,,
113.4889,LOADED_TRAVEL_END,fixed,T02,S2,D2,,,,,,
113.4889,QUEUE_FOR_DUMP,fixed,T02,D2,D2,,D2,,0.0,,
113.4889,DUMPING_START,fixed,T02,D2,D2,,D2,1.7098,,0.0,96.3699
114.2257,LOADED_TRAVEL_END,fixed,T05,S1,D1,,,,,,
114.2257,QUEUE_FOR_DUMP,fixed,T05,D1,D1,,D1,,0.0,,
114.2257,DUMPING_START,fixed,T05,D1,D1,,D1,1.33,,0.0,96.6463
114.5504,EMPTY_TRAVEL_END,fixed,T04,D2,S2,,,,,,
114.5504,QUEUE_FOR_SHOVEL,fixed,T04,S2,S2,S2,,,0.0,,
114.5504,LOADING_START,fixed,T04,S2,S2,S2,,4.9137,0.0,0.0,
114.7698,EMPTY_TRAVEL_END,fixed,T03,D1,S1,,,,,,
114.7698,QUEUE_FOR_SHOVEL,fixed,T03,S1,S1,S1,,,0.0,,
114.957,LOADING_END,fixed,T01,S1,D1,S1,,4.603,,,
114.957,LOADED_TRAVEL_START,fixed,T01,S1,D1,,,6.2422,,,
114.957,LOADING_START,fixed,T03,S1,S1,S1,,4.5405,0.0,0.1872,
115.1987,DUMPING_END,fixed,T02,D2,D2,,D2,,,,96.3699
115.1987,DISPATCH,fixed,T02,D2,S2,S2,D2,,,,
115.1987,EMPTY_TRAVEL_START,fixed,T02,D2,S2,,,4.0738,,,
115.5556,DUMPING_END,fixed,T05,D1,D1,,D1,,,,96.6463
115.5556,DISPATCH,fixed,T05,D1,S1,S1,D1,,,,
115.5556,EMPTY_TRAVEL_START,fixed,T05,D1,S1,,,4.5043,,,
117.7257,LOADED_TRAVEL_END,fixed,T06,S2,D2,,,,,,
117.7257,QUEUE_FOR_DUMP,fixed,T06,D2,D2,,D2,,0.0,,
117.7257,DUMPING_START,fixed,T06,D2,D2,,D2,1.8431,,0.0,92.0699
119.2726,EMPTY_TRAVEL_END,fixed,T02,D2,S2,,,,,,
119.2726,QUEUE_FOR_SHOVEL,fixed,T02,S2,S2,S2,,,0.0,,
119.4641,LOADING_END,fixed,T04,S2,D2,S2,,4.9137,,,
119.4641,LOADED_TRAVEL_START,fixed,T04,S2,D2,,,5.3962,,,
119.4641,LOADING_START,fixed,T02,S2,S2,S2,,4.9581,0.0,0.1915,
119.4976,LOADING_END,fixed,T03,S1,D1,S1,,4.5405,,,
119.4976,LOADED_TRAVEL_START,fixed,T03,S1,D1,,,6.836,,,
119.5687,DUMPING_END,fixed,T06,D2,D2,,D2,,,,92.0699
119.5687,DISPATCH,fixed,T06,D2,S2,S2,D2,,,,
119.5687,EMPTY_TRAVEL_START,fixed,T06,D2,S2,,,3.5739,,,
120.0599,EMPTY_TRAVEL_END,fixed,T05,D1,S1,,,,,,
120.0599,QUEUE_FOR_SHOVEL,fixed,T05,S1,S1,S1,,,0.0,,
120.0599,LOADING_START,fixed,T05,S1,S1,S1,,5.4356,0.0,0.0,
121.1992,LOADED_TRAVEL_END,fixed,T01,S1,D1,,,,,,
121.1992,QUEUE_FOR_DUMP,fixed,T01,D1,D1,,D1,,0.0,,
121.1992,DUMPING_START,fixed,T01,D1,D1,,D1,0.9054,,0.0,93.7541
122.1046,DUMPING_END,fixed,T01,D1,D1,,D1,,,,93.7541
122.1046,DISPATCH,fixed,T01,D1,S1,S1,D1,,,,
122.1046,EMPTY_TRAVEL_START,fixed,T01,D1,S1,,,4.4391,,,
123.1426,EMPTY_TRAVEL_END,fixed,T06,D2,S2,,,,,,
123.1426,QUEUE_FOR_SHOVEL,fixed,T06,S2,S2,S2,,,0.0,,
124.4221,LOADING_END,fixed,T02,S2,D2,S2,,4.9581,,,
124.4221,LOADED_TRAVEL_START,fixed,T02,S2,D2,,,5.5188,,,
124.4221,LOADING_START,fixed,T06,S2,S2,S2,,4.8482,0.0,1.2795,
124.8603,LOADED_TRAVEL_END,fixed,T04,S2,D2,,,,,,
124.8603,QUEUE_FOR_DUMP,fixed,T04,D2,D2,,D2,,0.0,,
124.8603,DUMPING_START,fixed,T04,D2,D2,,D2,1.4322,,0.0,98.585
125.4955,LOADING_END,fixed,T05,S1,D1,S1,,5.4356,,,
125.4955,LOADED_TRAVEL_START,fixed,T05,S1,D1,,,6.4089,,,
126.2925,DUMPING_END,fixed,T04,D2,D2,,D2,,,,98.585
126.2925,DISPATCH,fixed,T04,D2,S2,S2,D2,,,,
126.2925,EMPTY_TRAVEL_START,fixed,T04,D2,S2,,,4.1958,,,
126.3336,LOADED_TRAVEL_END,fixed,T03,S1,D1,,,,,,
126.3336,QUEUE_FOR_DUMP,fixed,T03,D1,D1,,D1,,0.0,,
126.3336,DUMPING_START,fixed,T03,D1,D1,,D1,1.4005,,0.0,91.76
126.5437,EMPTY_TRAVEL_END,fixed,T01,D1,S1,,,,,,
126.5437,QUEUE_FOR_SHOVEL,fixed,T01,S1,S1,S1,,,0.0,,
126.5437,LOADING_START,fixed,T01,S1,S1,S1,,4.6478,0.0,0.0,
127.7341,DUMPING_END,fixed,T03,D1,D1,,D1,,,,91.76
127.7341,DISPATCH,fixed,T03,D1,S1,S1,D1,,,,
127.7341,EMPTY_TRAVEL_START,fixed,T03,D1,S1,,,5.0498,,,
129.2703,LOADING_END,fixed,T06,S2,D2,S2,,4.8482,,,
129.2703,LOADED_TRAVEL_START,fixed,T06,S2,D2,,,5.7737,,,
129.941,LOADED_TRAVEL_END,fixed,T02,S2,D2,,,,,,
129.941,QUEUE_FOR_DUMP,fixed,T02,D2,D2,,D2,,0.0,,
129.941,DUMPING_START,fixed,T02,D2,D2,,D2,1.846,,0.0,90.8363
130.4883,EMPTY_TRAVEL_END,fixed,T04,D2,S2,,,,,,
130.4883,QUEUE_FOR_SHOVEL,fixed,T04,S2,S2,S2,,,0.0,,
130.4883,LOADING_START,fixed,T04,S2,S2,S2,,5.4447,0.0,0.0,
131.1915,LOADING_END,fixed,T01,S1,D1,S1,,4.6478,,,
131.1915,LOADED_TRAVEL_START,fixed,T01,S1,D1,,,6.3859,,,
131.787,DUMPING_END,fixed,T02,D2,D2,,D2,,,,90.8363
131.787,DISPATCH,fixed,T02,D2,S2,S2,D2,,,,
131.787,EMPTY_TRAVEL_START,fixed,T02,D2,S2,,,4.2902,,,
131.9044,LOADED_TRAVEL_END,fixed,T05,S1,D1,,,,,,
131.9044,QUEUE_FOR_DUMP,fixed,T05,D1,D1,,D1,,0.0,,
131.9044,DUMPING_START,fixed,T05,D1,D1,,D1,1.0473,,0.0,93.2302
132.7838,EMPTY_TRAVEL_END,fixed,T03,D1,S1,,,,,,
132.7838,QUEUE_FOR_SHOVEL,fixed,T03,S1,S1,S1,,,0.0,,
132.7838,LOADING_START,fixed,T03,S1,S1,S1,,4.1925,0.0,0.0,
132.9517,DUMPING_END,fixed,T05,D1,D1,,D1,,,,93.2302
132.9517,DISPATCH,fixed,T05,D1,S1,S1,D1,,,,
132.9517,EMPTY_TRAVEL_START,fixed,T05,D1,S1,,,4.5649,,,
135.044,LOADED_TRAVEL_END,fixed,T06,S2,D2,,,,,,
135.044,QUEUE_FOR_DUMP,fixed,T06,D2,D2,,D2,,0.0,,
135.044,DUMPING_START,fixed,T06,D2,D2,,D2,1.3885,,0.0,84.2419
135.933,LOADING_END,fixed,T04,S2,D2,S2,,5.4447,,,
135.933,LOADED_TRAVEL_START,fixed,T04,S2,D2,,,5.7571,,,
136.0771,EMPTY_TRAVEL_END,fixed,T02,D2,S2,,,,,,
136.0771,QUEUE_FOR_SHOVEL,fixed,T02,S2,S2,S2,,,0.0,,
136.0771,LOADING_START,fixed,T02,S2,S2,S2,,5.0318,0.0,0.0,
136.4325,DUMPING_END,fixed,T06,D2,D2,,D2,,,,84.2419
136.4325,DISPATCH,fixed,T06,D2,S2,S2,D2,,,,
136.4325,EMPTY_TRAVEL_START,fixed,T06,D2,S2,,,4.3467,,,
136.9763,LOADING_END,fixed,T03,S1,D1,S1,,4.1925,,,
136.9763,LOADED_TRAVEL_START,fixed,T03,S1,D1,,,6.0264,,,
137.5166,EMPTY_TRAVEL_END,fixed,T05,D1,S1,,,,,,
137.5166,QUEUE_FOR_SHOVEL,fixed,T05,S1,S1,S1,,,0.0,,
137.5166,LOADING_START,fixed,T05,S1,S1,S1,,5.698,0.0,0.0,
137.5774,LOADED_TRAVEL_END,fixed,T01,S1,D1,,,,,,
137.5774,QUEUE_FOR_DUMP,fixed,T01,D1,D1,,D1,,0.0,,
137.5774,DUMPING_START,fixed,T01,D1,D1,,D1,1.4968,,0.0,93.6818
139.0741,DUMPING_END,fixed,T01,D1,D1,,D1,,,,93.6818
139.0741,DISPATCH,fixed,T01,D1,S1,S1,D1,,,,
139.0741,EMPTY_TRAVEL_START,fixed,T01,D1,S1,,,5.0558,,,
140.7792,EMPTY_TRAVEL_END,fixed,T06,D2,S2,,,,,,
140.7792,QUEUE_FOR_SHOVEL,fixed,T06,S2,S2,S2,,,0.0,,
141.109,LOADING_END,fixed,T02,S2,D2,S2,,5.0318,,,
141.109,LOADED_TRAVEL_START,fixed,T02,S2,D2,,,4.9663,,,
141.109,LOADING_START,fixed,T06,S2,S2,S2,,5.8827,0.0,0.3298,
141.6901,LOADED_TRAVEL_END,fixed,T04,S2,D2,,,,,,
141.6901,QUEUE_FOR_DUMP,fixed,T04,D2,D2,,D2,,0.0,,
141.6901,DUMPING_START,fixed,T04,D2,D2,,D2,2.3031,,0.0,98.3555
143.0027,LOADED_TRAVEL_END,fixed,T03,S1,D1,,,,,,
143.0027,QUEUE_FOR_DUMP,fixed,T03,D1,D1,,D1,,0.0,,
143.0027,DUMPING_START,fixed,T03,D1,D1,,D1,1.2816,,0.0,86.9313
143.2146,LOADING_END,fixed,T05,S1,D1,S1,,5.698,,,
143.2146,LOADED_TRAVEL_START,fixed,T05,S1,D1,,,6.0431,,,
143.9932,DUMPING_END,fixed,T04,D2,D2,,D2,,,,98.3555
143.9932,DISPATCH,fixed,T04,D2,S2,S2,D2,,,,
143.9932,EMPTY_TRAVEL_START,fixed,T04,D2,S2,,,4.2904,,,
144.1299,EMPTY_TRAVEL_END,fixed,T01,D1,S1,,,,,,
144.1299,QUEUE_FOR_SHOVEL,fixed,T01,S1,S1,S1,,,0.0,,
144.1299,LOADING_START,fixed,T01,S1,S1,S1,,4.75,0.0,0.0,
144.2844,DUMPING_END,fixed,T03,D1,D1,,D1,,,,86.9313
144.2844,DISPATCH,fixed,T03,D1,S1,S1,D1,,,,
144.2844,EMPTY_TRAVEL_START,fixed,T03,D1,S1,,,5.4429,,,
146.0753,LOADED_TRAVEL_END,fixed,T02,S2,D2,,,,,,
146.0753,QUEUE_FOR_DUMP,fixed,T02,D2,D2,,D2,,0.0,,
146.0753,DUMPING_START,fixed,T02,D2,D2,,D2,1.3235,,0.0,91.7478
146.9917,LOADING_END,fixed,T06,S2,D2,S2,,5.8827,,,
146.9917,LOADED_TRAVEL_START,fixed,T06,S2,D2,,,4.7847,,,
147.3988,DUMPING_END,fixed,T02,D2,D2,,D2,,,,91.7478
147.3988,DISPATCH,fixed,T02,D2,S2,S2,D2,,,,
147.3988,EMPTY_TRAVEL_START,fixed,T02,D2,S2,,,4.137,,,
148.2836,EMPTY_TRAVEL_END,fixed,T04,D2,S2,,,,,,
148.2836,QUEUE_FOR_SHOVEL,fixed,T04,S2,S2,S2,,,0.0,,
148.2836,LOADING_START,fixed,T04,S2,S2,S2,,5.248,0.0,0.0,
148.8799,LOADING_END,fixed,T01,S1,D1,S1,,4.75,,,
148.8799,LOADED_TRAVEL_START,fixed,T01,S1,D1,,,6.861,,,
149.2577,LOADED_TRAVEL_END,fixed,T05,S1,D1,,,,,,
149.2577,QUEUE_FOR_DUMP,fixed,T05,D1,D1,,D1,,0.0,,
149.2577,DUMPING_START,fixed,T05,D1,D1,,D1,1.1982,,0.0,98.4609
149.7272,EMPTY_TRAVEL_END,fixed,T03,D1,S1,,,,,,
149.7272,QUEUE_FOR_SHOVEL,fixed,T03,S1,S1,S1,,,0.0,,
149.7272,LOADING_START,fixed,T03,S1,S1,S1,,3.8641,0.0,0.0,
150.4559,DUMPING_END,fixed,T05,D1,D1,,D1,,,,98.4609
150.4559,DISPATCH,fixed,T05,D1,S1,S1,D1,,,,
150.4559,EMPTY_TRAVEL_START,fixed,T05,D1,S1,,,4.866,,,
151.5358,EMPTY_TRAVEL_END,fixed,T02,D2,S2,,,,,,
151.5358,QUEUE_FOR_SHOVEL,fixed,T02,S2,S2,S2,,,0.0,,
151.7763,LOADED_TRAVEL_END,fixed,T06,S2,D2,,,,,,
151.7763,QUEUE_FOR_DUMP,fixed,T06,D2,D2,,D2,,0.0,,
151.7763,DUMPING_START,fixed,T06,D2,D2,,D2,1.8397,,0.0,94.7219
153.5316,LOADING_END,fixed,T04,S2,D2,S2,,5.248,,,
153.5316,LOADED_TRAVEL_START,fixed,T04,S2,D2,,,5.3988,,,
153.5316,LOADING_START,fixed,T02,S2,S2,S2,,4.5611,0.0,1.9958,
153.5913,LOADING_END,fixed,T03,S1,D1,S1,,3.8641,,,
153.5913,LOADED_TRAVEL_START,fixed,T03,S1,D1,,,6.6915,,,
153.616,DUMPING_END,fixed,T06,D2,D2,,D2,,,,94.7219
153.616,DISPATCH,fixed,T06,D2,S2,S2,D2,,,,
153.616,EMPTY_TRAVEL_START,fixed,T06,D2,S2,,,4.4202,,,
155.3219,EMPTY_TRAVEL_END,fixed,T05,D1,S1,,,,,,
155.3219,QUEUE_FOR_SHOVEL,fixed,T05,S1,S1,S1,,,0.0,,
155.3219,LOADING_START,fixed,T05,S1,S1,S1,,3.9158,0.0,0.0,
155.7409,LOADED_TRAVEL_END,fixed,T01,S1,D1,,,,,,
155.7409,QUEUE_FOR_DUMP,fixed,T01,D1,D1,,D1,,0.0,,
155.7409,DUMPING_START,fixed,T01,D1,D1,,D1,1.2037,,0.0,95.5285
156.9447,DUMPING_END,fixed,T01,D1,D1,,D1,,,,95.5285
156.9447,DISPATCH,fixed,T01,D1,S1,S1,D1,,,,
156.9447,EMPTY_TRAVEL_START,fixed,T01,D1,S1,,,4.9209,,,
158.0362,EMPTY_TRAVEL_END,fixed,T06,D2,S2,,,,,,
158.0362,QUEUE_FOR_SHOVEL,fixed,T06,S2,S2,S2,,,0.0,,
158.0927,LOADING_END,fixed,T02,S2,D2,S2,,4.5611,,,
158.0927,LOADED_TRAVEL_START,fixed,T02,S2,D2,,,5.5581,,,
158.0927,LOADING_START,fixed,T06,S2,S2,S2,,4.9545,0.0,0.0565,
158.9304,LOADED_TRAVEL_END,fixed,T04,S2,D2,,,,,,
158.9304,QUEUE_FOR_DUMP,fixed,T04,D2,D2,,D2,,0.0,,
158.9304,DUMPING_START,fixed,T04,D2,D2,,D2,1.6233,,0.0,89.3677
159.2377,LOADING_END,fixed,T05,S1,D1,S1,,3.9158,,,
159.2377,LOADED_TRAVEL_START,fixed,T05,S1,D1,,,6.8511,,,
160.2829,LOADED_TRAVEL_END,fixed,T03,S1,D1,,,,,,
160.2829,QUEUE_FOR_DUMP,fixed,T03,D1,D1,,D1,,0.0,,
160.2829,DUMPING_START,fixed,T03,D1,D1,,D1,1.3378,,0.0,93.8621
160.5537,DUMPING_END,fixed,T04,D2,D2,,D2,,,,89.3677
160.5537,DISPATCH,fixed,T04,D2,S2,S2,D2,,,,
160.5537,EMPTY_TRAVEL_START,fixed,T04,D2,S2,,,4.1369,,,
161.6207,DUMPING_END,fixed,T03,D1,D1,,D1,,,,93.8621
161.6207,DISPATCH,fixed,T03,D1,S1,S1,D1,,,,
161.6207,EMPTY_TRAVEL_START,fixed,T03,D1,S1,,,4.7841,,,
161.8656,EMPTY_TRAVEL_END,fixed,T01,D1,S1,,,,,,
161.8656,QUEUE_FOR_SHOVEL,fixed,T01,S1,S1,S1,,,0.0,,
161.8656,LOADING_START,fixed,T01,S1,S1,S1,,4.4485,0.0,0.0,
163.0473,LOADING_END,fixed,T06,S2,D2,S2,,4.9545,,,
163.0473,LOADED_TRAVEL_START,fixed,T06,S2,D2,,,5.6315,,,
163.6509,LOADED_TRAVEL_END,fixed,T02,S2,D2,,,,,,
163.6509,QUEUE_FOR_DUMP,fixed,T02,D2,D2,,D2,,0.0,,
163.6509,DUMPING_START,fixed,T02,D2,D2,,D2,1.9893,,0.0,96.94
164.6906,EMPTY_TRAVEL_END,fixed,T04,D2,S2,,,,,,
164.6906,QUEUE_FOR_SHOVEL,fixed,T04,S2,S2,S2,,,0.0,,
164.6906,LOADING_START,fixed,T04,S2,S2,S2,,5.6102,0.0,0.0,
165.6401,DUMPING_END,fixed,T02,D2,D2,,D2,,,,96.94
165.6401,DISPATCH,fixed,T02,D2,S2,S2,D2,,,,
165.6401,EMPTY_TRAVEL_START,fixed,T02,D2,S2,,,3.7474,,,
166.0888,LOADED_TRAVEL_END,fixed,T05,S1,D1,,,,,,
166.0888,QUEUE_FOR_DUMP,fixed,T05,D1,D1,,D1,,0.0,,
166.0888,DUMPING_START,fixed,T05,D1,D1,,D1,0.9738,,0.0,95.1052
166.3141,LOADING_END,fixed,T01,S1,D1,S1,,4.4485,,,
166.3141,LOADED_TRAVEL_START,fixed,T01,S1,D1,,,6.8413,,,
166.4048,EMPTY_TRAVEL_END,fixed,T03,D1,S1,,,,,,
166.4048,QUEUE_FOR_SHOVEL,fixed,T03,S1,S1,S1,,,0.0,,
166.4048,LOADING_START,fixed,T03,S1,S1,S1,,5.4093,0.0,0.0,
167.0626,DUMPING_END,fixed,T05,D1,D1,,D1,,,,95.1052
167.0626,DISPATCH,fixed,T05,D1,S1,S1,D1,,,,
167.0626,EMPTY_TRAVEL_START,fixed,T05,D1,S1,,,5.2788,,,
168.6787,LOADED_TRAVEL_END,fixed,T06,S2,D2,,,,,,
168.6787,QUEUE_FOR_DUMP,fixed,T06,D2,D2,,D2,,0.0,,
168.6787,DUMPING_START,fixed,T06,D2,D2,,D2,1.5084,,0.0,98.9523
169.3876,EMPTY_TRAVEL_END,fixed,T02,D2,S2,,,,,,
169.3876,QUEUE_FOR_SHOVEL,fixed,T02,S2,S2,S2,,,0.0,,
170.1872,DUMPING_END,fixed,T06,D2,D2,,D2,,,,98.9523
170.1872,DISPATCH,fixed,T06,D2,S2,S2,D2,,,,
170.1872,EMPTY_TRAVEL_START,fixed,T06,D2,S2,,,3.9346,,,
170.3008,LOADING_END,fixed,T04,S2,D2,S2,,5.6102,,,
170.3008,LOADED_TRAVEL_START,fixed,T04,S2,D2,,,5.4701,,,
170.3008,LOADING_START,fixed,T02,S2,S2,S2,,4.5673,0.0,0.9132,
171.8141,LOADING_END,fixed,T03,S1,D1,S1,,5.4093,,,
171.8141,LOADED_TRAVEL_START,fixed,T03,S1,D1,,,7.0514,,,
172.3414,EMPTY_TRAVEL_END,fixed,T05,D1,S1,,,,,,
172.3414,QUEUE_FOR_SHOVEL,fixed,T05,S1,S1,S1,,,0.0,,
172.3414,LOADING_START,fixed,T05,S1,S1,S1,,3.7909,0.0,0.0,
173.1554,LOADED_TRAVEL_END,fixed,T01,S1,D1,,,,,,
173.1554,QUEUE_FOR_DUMP,fixed,T01,D1,D1,,D1,,0.0,,
173.1554,DUMPING_START,fixed,T01,D1,D1,,D1,1.5536,,0.0,94.6203
174.1218,EMPTY_TRAVEL_END,fixed,T06,D2,S2,,,,,,
174.1218,QUEUE_FOR_SHOVEL,fixed,T06,S2,S2,S2,,,0.0,,
174.7089,DUMPING_END,fixed,T01,D1,D1,,D1,,,,94.6203
174.7089,DISPATCH,fixed,T01,D1,S1,S1,D1,,,,
174.7089,EMPTY_TRAVEL_START,fixed,T01,D1,S1,,,4.858,,,
174.8681,LOADING_END,fixed,T02,S2,D2,S2,,4.5673,,,
174.8681,LOADED_TRAVEL_START,fixed,T02,S2,D2,,,5.3696,,,
174.8681,LOADING_START,fixed,T06,S2,S2,S2,,4.2262,0.0,0.7463,
175.7709,LOADED_TRAVEL_END,fixed,T04,S2,D2,,,,,,
175.7709,QUEUE_FOR_DUMP,fixed,T04,D2,D2,,D2,,0.0,,
175.7709,DUMPING_START,fixed,T04,D2,D2,,D2,1.4648,,0.0,94.2161
176.1323,LOADING_END,fixed,T05,S1,D1,S1,,3.7909,,,
176.1323,LOADED_TRAVEL_START,fixed,T05,S1,D1,,,6.6276,,,
177.2357,DUMPING_END,fixed,T04,D2,D2,,D2,,,,94.2161
177.2357,DISPATCH,fixed,T04,D2,S2,S2,D2,,,,
177.2357,EMPTY_TRAVEL_START,fixed,T04,D2,S2,,,3.6434,,,
178.8656,LOADED_TRAVEL_END,fixed,T03,S1,D1,,,,,,
178.8656,QUEUE_FOR_DUMP,fixed,T03,D1,D1,,D1,,0.0,,
178.8656,DUMPING_START,fixed,T03,D1,D1,,D1,1.3205,,0.0,97.7607
179.0942,LOADING_END,fixed,T06,S2,D2,S2,,4.2262,,,
179.0942,LOADED_TRAVEL_START,fixed,T06,S2,D2,,,5.3035,,,
179.5669,EMPTY_TRAVEL_END,fixed,T01,D1,S1,,,,,,
179.5669,QUEUE_FOR_SHOVEL,fixed,T01,S1,S1,S1,,,0.0,,
179.5669,LOADING_START,fixed,T01,S1,S1,S1,,5.2832,0.0,0.0,
180.186,DUMPING_END,fixed,T03,D1,D1,,D1,,,,97.7607
180.186,DISPATCH,fixed,T03,D1,S1,S1,D1,,,,
180.186,EMPTY_TRAVEL_START,fixed,T03,D1,S1,,,5.139,,,
180.2377,LOADED_TRAVEL_END,fixed,T02,S2,D2,,,,,,
180.2377,QUEUE_FOR_DUMP,fixed,T02,D2,D2,,D2,,0.0,,
180.2377,DUMPING_START,fixed,T02,D2,D2,,D2,1.7928,,0.0,92.0618
180.8791,EMPTY_TRAVEL_END,fixed,T04,D2,S2,,,,,,
180.8791,QUEUE_FOR_SHOVEL,fixed,T04,S2,S2,S2,,,0.0,,
180.8791,LOADING_START,fixed,T04,S2,S2,S2,,5.8297,0.0,0.0,
182.0305,DUMPING_END,fixed,T02,D2,D2,,D2,,,,92.0618
182.0305,DISPATCH,fixed,T02,D2,S2,S2,D2,,,,
182.0305,EMPTY_TRAVEL_START,fixed,T02,D2,S2,,,4.0888,,,
182.76,LOADED_TRAVEL_END,fixed,T05,S1,D1,,,,,,
182.76,QUEUE_FOR_DUMP,fixed,T05,D1,D1,,D1,,0.0,,
182.76,DUMPING_START,fixed,T05,D1,D1,,D1,1.1858,,0.0,101.0034
183.9457,DUMPING_END,fixed,T05,D1,D1,,D1,,,,101.0034
183.9457,DISPATCH,fixed,T05,D1,S1,S1,D1,,,,
183.9457,EMPTY_TRAVEL_START,fixed,T05,D1,S1,,,4.5603,,,
184.3977,LOADED_TRAVEL_END,fixed,T06,S2,D2,,,,,,
184.3977,QUEUE_FOR_DUMP,fixed,T06,D2,D2,,D2,,0.0,,
184.3977,DUMPING_START,fixed,T06,D2,D2,,D2,1.736,,0.0,99.5524
184.8501,LOADING_END,fixed,T01,S1,D1,S1,,5.2832,,,
184.8501,LOADED_TRAVEL_START,fixed,T01,S1,D1,,,6.5465,,,
185.325,EMPTY_TRAVEL_END,fixed,T03,D1,S1,,,,,,
185.325,QUEUE_FOR_SHOVEL,fixed,T03,S1,S1,S1,,,0.0,,
185.325,LOADING_START,fixed,T03,S1,S1,S1,,4.7954,0.0,0.0,
186.1192,EMPTY_TRAVEL_END,fixed,T02,D2,S2,,,,,,
186.1192,QUEUE_FOR_SHOVEL,fixed,T02,S2,S2,S2,,,0.0,,
186.1337,DUMPING_END,fixed,T06,D2,D2,,D2,,,,99.5524
186.1337,DISPATCH,fixed,T06,D2,S2,S2,D2,,,,
186.1337,EMPTY_TRAVEL_START,fixed,T06,D2,S2,,,4.3016,,,
186.7088,LOADING_END,fixed,T04,S2,D2,S2,,5.8297,,,
186.7088,LOADED_TRAVEL_START,fixed,T04,S2,D2,,,4.9968,,,
186.7088,LOADING_START,fixed,T02,S2,S2,S2,,4.1103,0.0,0.5896,
188.5061,EMPTY_TRAVEL_END,fixed,T05,D1,S1,,,,,,
188.5061,QUEUE_FOR_SHOVEL,fixed,T05,S1,S1,S1,,,0.0,,
190.1204,LOADING_END,fixed,T03,S1,D1,S1,,4.7954,,,
190.1204,LOADED_TRAVEL_START,fixed,T03,S1,D1,,,6.0737,,,
190.1204,LOADING_START,fixed,T05,S1,S1,S1,,4.9416,0.0,1.6143,
190.4353,EMPTY_TRAVEL_END,fixed,T06,D2,S2,,,,,,
190.4353,QUEUE_FOR_SHOVEL,fixed,T06,S2,S2,S2,,,0.0,,
190.8191,LOADING_END,fixed,T02,S2,D2,S2,,4.1103,,,
190.8191,LOADED_TRAVEL_START,fixed,T02,S2,D2,,,5.4712,,,
190.8191,LOADING_START,fixed,T06,S2,S2,S2,,5.2984,0.0,0.3839,
191.3967,LOADED_TRAVEL_END,fixed,T01,S1,D1,,,,,,
191.3967,QUEUE_FOR_DUMP,fixed,T01,D1,D1,,D1,,0.0,,
191.3967,DUMPING_START,fixed,T01,D1,D1,,D1,1.1577,,0.0,101.3919
191.7055,LOADED_TRAVEL_END,fixed,T04,S2,D2,,,,,,
191.7055,QUEUE_FOR_DUMP,fixed,T04,D2,D2,,D2,,0.0,,
191.7055,DUMPING_START,fixed,T04,D2,D2,,D2,2.2985,,0.0,98.9474
192.5544,DUMPING_END,fixed,T01,D1,D1,,D1,,,,101.3919
192.5544,DISPATCH,fixed,T01,D1,S1,S1,D1,,,,
192.5544,EMPTY_TRAVEL_START,fixed,T01,D1,S1,,,4.5354,,,
194.004,DUMPING_END,fixed,T04,D2,D2,,D2,,,,98.9474
194.004,DISPATCH,fixed,T04,D2,S2,S2,D2,,,,
194.004,EMPTY_TRAVEL_START,fixed,T04,D2,S2,,,3.9843,,,
195.062,LOADING_END,fixed,T05,S1,D1,S1,,4.9416,,,
195.062,LOADED_TRAVEL_START,fixed,T05,S1,D1,,,7.099,,,
196.1175,LOADING_END,fixed,T06,S2,D2,S2,,5.2984,,,
196.1175,LOADED_TRAVEL_START,fixed,T06,S2,D2,,,5.7874,,,
196.1941,LOADED_TRAVEL_END,fixed,T03,S1,D1,,,,,,
196.1941,QUEUE_FOR_DUMP,fixed,T03,D1,D1,,D1,,0.0,,
196.1941,DUMPING_START,fixed,T03,D1,D1,,D1,1.1277,,0.0,88.7877
196.2904,LOADED_TRAVEL_END,fixed,T02,S2,D2,,,,,,
196.2904,QUEUE_FOR_DUMP,fixed,T02,D2,D2,,D2,,0.0,,
196.2904,DUMPING_START,fixed,T02,D2,D2,,D2,1.5625,,0.0,91.6097
197.0898,EMPTY_TRAVEL_END,fixed,T01,D1,S1,,,,,,
197.0898,QUEUE_FOR_SHOVEL,fixed,T01,S1,S1,S1,,,0.0,,
197.0898,LOADING_START,fixed,T01,S1,S1,S1,,5.9058,0.0,0.0,
197.3218,DUMPING_END,fixed,T03,D1,D1,,D1,,,,88.7877
197.3218,DISPATCH,fixed,T03,D1,S1,S1,D1,,,,
197.3218,EMPTY_TRAVEL_START,fixed,T03,D1,S1,,,5.1044,,,
197.8529,DUMPING_END,fixed,T02,D2,D2,,D2,,,,91.6097
197.8529,DISPATCH,fixed,T02,D2,S2,S2,D2,,,,
197.8529,EMPTY_TRAVEL_START,fixed,T02,D2,S2,,,4.0704,,,
197.9883,EMPTY_TRAVEL_END,fixed,T04,D2,S2,,,,,,
197.9883,QUEUE_FOR_SHOVEL,fixed,T04,S2,S2,S2,,,0.0,,
197.9883,LOADING_START,fixed,T04,S2,S2,S2,,5.1398,0.0,0.0,
201.9049,LOADED_TRAVEL_END,fixed,T06,S2,D2,,,,,,
201.9049,QUEUE_FOR_DUMP,fixed,T06,D2,D2,,D2,,0.0,,
201.9049,DUMPING_START,fixed,T06,D2,D2,,D2,1.3141,,0.0,95.9015
201.9233,EMPTY_TRAVEL_END,fixed,T02,D2,S2,,,,,,
201.9233,QUEUE_FOR_SHOVEL,fixed,T02,S2,S2,S2,,,0.0,,
202.1609,LOADED_TRAVEL_END,fixed,T05,S1,D1,,,,,,
202.1609,QUEUE_FOR_DUMP,fixed,T05,D1,D1,,D1,,0.0,,
202.1609,DUMPING_START,fixed,T05,D1,D1,,D1,1.3725,,0.0,102.0
202.4262,EMPTY_TRAVEL_END,fixed,T03,D1,S1,,,,,,
202.4262,QUEUE_FOR_SHOVEL,fixed,T03,S1,S1,S1,,,0.0,,
202.9956,LOADING_END,fixed,T01,S1,D1,S1,,5.9058,,,
202.9956,LOADED_TRAVEL_START,fixed,T01,S1,D1,,,7.1441,,,
202.9956,LOADING_START,fixed,T03,S1,S1,S1,,4.0139,0.0,0.5694,
203.128,LOADING_END,fixed,T04,S2,D2,S2,,5.1398,,,
203.128,LOADED_TRAVEL_START,fixed,T04,S2,D2,,,5.5771,,,
203.128,LOADING_START,fixed,T02,S2,S2,S2,,4.8772,0.0,1.2047,
203.219,DUMPING_END,fixed,T06,D2,D2,,D2,,,,95.9015
203.219,DISPATCH,fixed,T06,D2,S2,S2,D2,,,,
203.219,EMPTY_TRAVEL_START,fixed,T06,D2,S2,,,3.8364,,,
203.5335,DUMPING_END,fixed,T05,D1,D1,,D1,,,,102.0
203.5335,DISPATCH,fixed,T05,D1,S1,S1,D1,,,,
203.5335,EMPTY_TRAVEL_START,fixed,T05,D1,S1,,,5.1531,,,
207.0095,LOADING_END,fixed,T03,S1,D1,S1,,4.0139,,,
207.0095,LOADED_TRAVEL_START,fixed,T03,S1,D1,,,7.2272,,,
207.0554,EMPTY_TRAVEL_END,fixed,T06,D2,S2,,,,,,
207.0554,QUEUE_FOR_SHOVEL,fixed,T06,S2,S2,S2,,,0.0,,
208.0053,LOADING_END,fixed,T02,S2,D2,S2,,4.8772,,,
208.0053,LOADED_TRAVEL_START,fixed,T02,S2,D2,,,5.4682,,,
208.0053,LOADING_START,fixed,T06,S2,S2,S2,,4.5651,0.0,0.9499,
208.6866,EMPTY_TRAVEL_END,fixed,T05,D1,S1,,,,,,
208.6866,QUEUE_FOR_SHOVEL,fixed,T05,S1,S1,S1,,,0.0,,
208.6866,LOADING_START,fixed,T05,S1,S1,S1,,4.5393,0.0,0.0,
208.7051,LOADED_TRAVEL_END,fixed,T04,S2,D2,,,,,,
208.7051,QUEUE_FOR_DUMP,fixed,T04,D2,D2,,D2,,0.0,,
208.7051,DUMPING_START,fixed,T04,D2,D2,,D2,2.1088,,0.0,92.1122
210.1397,LOADED_TRAVEL_END,fixed,T01,S1,D1,,,,,,
210.1397,QUEUE_FOR_DUMP,fixed,T01,D1,D1,,D1,,0.0,,
210.1397,DUMPING_START,fixed,T01,D1,D1,,D1,1.781,,0.0,99.7133
210.8139,DUMPING_END,fixed,T04,D2,D2,,D2,,,,92.1122
210.8139,DISPATCH,fixed,T04,D2,S2,S2,D2,,,,
210.8139,EMPTY_TRAVEL_START,fixed,T04,D2,S2,,,4.1705,,,
211.9207,DUMPING_END,fixed,T01,D1,D1,,D1,,,,99.7133
211.9207,DISPATCH,fixed,T01,D1,S1,S1,D1,,,,
211.9207,EMPTY_TRAVEL_START,fixed,T01,D1,S1,,,4.8007,,,
212.5704,LOADING_END,fixed,T06,S2,D2,S2,,4.5651,,,
212.5704,LOADED_TRAVEL_START,fixed,T06,S2,D2,,,5.2028,,,
213.2259,LOADING_END,fixed,T05,S1,D1,S1,,4.5393,,,
213.2259,LOADED_TRAVEL_START,fixed,T05,S1,D1,,,6.7682,,,
213.4734,LOADED_TRAVEL_END,fixed,T02,S2,D2,,,,,,
213.4734,QUEUE_FOR_DUMP,fixed,T02,D2,D2,,D2,,0.0,,
213.4734,DUMPING_START,fixed,T02,D2,D2,,D2,1.6053,,0.0,100.7218
214.2367,LOADED_TRAVEL_END,fixed,T03,S1,D1,,,,,,
214.2367,QUEUE_FOR_DUMP,fixed,T03,D1,D1,,D1,,0.0,,
214.2367,DUMPING_START,fixed,T03,D1,D1,,D1,0.9781,,0.0,96.6165
214.9844,EMPTY_TRAVEL_END,fixed,T04,D2,S2,,,,,,
214.9844,QUEUE_FOR_SHOVEL,fixed,T04,S2,S2,S2,,,0.0,,
214.9844,LOADING_START,fixed,T04,S2,S2,S2,,4.762,0.0,0.0,
215.0788,DUMPING_END,fixed,T02,D2,D2,,D2,,,,100.7218
215.0788,DISPATCH,fixed,T02,D2,S2,S2,D2,,,,
215.0788,EMPTY_TRAVEL_START,fixed,T02,D2,S2,,,3.6888,,,
215.2148,DUMPING_END,fixed,T03,D1,D1,,D1,,,,96.6165
215.2148,DISPATCH,fixed,T03,D1,S1,S1,D1,,,,
215.2148,EMPTY_TRAVEL_START,fixed,T03,D1,S1,,,4.9688,,,
216.7214,EMPTY_TRAVEL_END,fixed,T01,D1,S1,,,,,,
216.7214,QUEUE_FOR_SHOVEL,fixed,T01,S1,S1,S1,,,0.0,,
216.7214,LOADING_START,fixed,T01,S1,S1,S1,,5.5101,0.0,0.0,
217.7732,LOADED_TRAVEL_END,fixed,T06,S2,D2,,,,,,
217.7732,QUEUE_FOR_DUMP,fixed,T06,D2,D2,,D2,,0.0,,
217.7732,DUMPING_START,fixed,T06,D2,D2,,D2,2.2922,,0.0,96.0689
218.7676,EMPTY_TRAVEL_END,fixed,T02,D2,S2,,,,,,
218.7676,QUEUE_FOR_SHOVEL,fixed,T02,S2,S2,S2,,,0.0,,
219.7464,LOADING_END,fixed,T04,S2,D2,S2,,4.762,,,
219.7464,LOADED_TRAVEL_START,fixed,T04,S2,D2,,,5.6071,,,
219.7464,LOADING_START,fixed,T02,S2,S2,S2,,4.4405,0.0,0.9789,
219.9942,LOADED_TRAVEL_END,fixed,T05,S1,D1,,,,,,
219.9942,QUEUE_FOR_DUMP,fixed,T05,D1,D1,,D1,,0.0,,
219.9942,DUMPING_START,fixed,T05,D1,D1,,D1,1.574,,0.0,98.9145
220.0654,DUMPING_END,fixed,T06,D2,D2,,D2,,,,96.0689
220.0654,DISPATCH,fixed,T06,D2,S2,S2,D2,,,,
220.0654,EMPTY_TRAVEL_START,fixed,T06,D2,S2,,,4.275,,,
220.1836,EMPTY_TRAVEL_END,fixed,T03,D1,S1,,,,,,
220.1836,QUEUE_FOR_SHOVEL,fixed,T03,S1,S1,S1,,,0.0,,
221.5681,DUMPING_END,fixed,T05,D1,D1,,D1,,,,98.9145
221.5681,DISPATCH,fixed,T05,D1,S1,S1,D1,,,,
221.5681,EMPTY_TRAVEL_START,fixed,T05,D1,S1,,,4.6321,,,
222.2315,LOADING_END,fixed,T01,S1,D1,S1,,5.5101,,,
222.2315,LOADED_TRAVEL_START,fixed,T01,S1,D1,,,6.1592,,,
222.2315,LOADING_START,fixed,T03,S1,S1,S1,,4.3625,0.0,2.048,
224.1869,LOADING_END,fixed,T02,S2,D2,S2,,4.4405,,,
224.1869,LOADED_TRAVEL_START,fixed,T02,S2,D2,,,5.2556,,,
224.3403,EMPTY_TRAVEL_END,fixed,T06,D2,S2,,,,,,
224.3403,QUEUE_FOR_SHOVEL,fixed,T06,S2,S2,S2,,,0.0,,
224.3403,LOADING_START,fixed,T06,S2,S2,S2,,5.3727,0.0,0.0,
225.3535,LOADED_TRAVEL_END,fixed,T04,S2,D2,,,,,,
225.3535,QUEUE_FOR_DUMP,fixed,T04,D2,D2,,D2,,0.0,,
225.3535,DUMPING_START,fixed,T04,D2,D2,,D2,1.3899,,0.0,91.5893
226.2002,EMPTY_TRAVEL_END,fixed,T05,D1,S1,,,,,,
226.2002,QUEUE_FOR_SHOVEL,fixed,T05,S1,S1,S1,,,0.0,,
226.594,LOADING_END,fixed,T03,S1,D1,S1,,4.3625,,,
226.594,LOADED_TRAVEL_START,fixed,T03,S1,D1,,,6.6247,,,
226.594,LOADING_START,fixed,T05,S1,S1,S1,,4.7916,0.0,0.3938,
226.7434,DUMPING_END,fixed,T04,D2,D2,,D2,,,,91.5893
226.7434,DISPATCH,fixed,T04,D2,S2,S2,D2,,,,
226.7434,EMPTY_TRAVEL_START,fixed,T04,D2,S2,,,4.0098,,,
228.3908,LOADED_TRAVEL_END,fixed,T01,S1,D1,,,,,,
228.3908,QUEUE_FOR_DUMP,fixed,T01,D1,D1,,D1,,0.0,,
228.3908,DUMPING_START,fixed,T01,D1,D1,,D1,1.3037,,0.0,102.0
229.4425,LOADED_TRAVEL_END,fixed,T02,S2,D2,,,,,,
229.4425,QUEUE_FOR_DUMP,fixed,T02,D2,D2,,D2,,0.0,,
229.4425,DUMPING_START,fixed,T02,D2,D2,,D2,1.6834,,0.0,95.4354
229.6944,DUMPING_END,fixed,T01,D1,D1,,D1,,,,102.0
229.6944,DISPATCH,fixed,T01,D1,S1,S1,D1,,,,
229.6944,EMPTY_TRAVEL_START,fixed,T01,D1,S1,,,4.7492,,,
229.713,LOADING_END,fixed,T06,S2,D2,S2,,5.3727,,,
229.713,LOADED_TRAVEL_START,fixed,T06,S2,D2,,,5.1803,,,
230.7532,EMPTY_TRAVEL_END,fixed,T04,D2,S2,,,,,,
230.7532,QUEUE_FOR_SHOVEL,fixed,T04,S2,S2,S2,,,0.0,,
230.7532,LOADING_START,fixed,T04,S2,S2,S2,,5.0798,0.0,0.0,
231.1259,DUMPING_END,fixed,T02,D2,D2,,D2,,,,95.4354
231.1259,DISPATCH,fixed,T02,D2,S2,S2,D2,,,,
231.1259,EMPTY_TRAVEL_START,fixed,T02,D2,S2,,,3.9347,,,
231.3856,LOADING_END,fixed,T05,S1,D1,S1,,4.7916,,,
231.3856,LOADED_TRAVEL_START,fixed,T05,S1,D1,,,5.7734,,,
233.2187,LOADED_TRAVEL_END,fixed,T03,S1,D1,,,,,,
233.2187,QUEUE_FOR_DUMP,fixed,T03,D1,D1,,D1,,0.0,,
233.2187,DUMPING_START,fixed,T03,D1,D1,,D1,1.1854,,0.0,94.8048
234.4042,DUMPING_END,fixed,T03,D1,D1,,D1,,,,94.8048
234.4042,DISPATCH,fixed,T03,D1,S1,S1,D1,,,,
234.4042,EMPTY_TRAVEL_START,fixed,T03,D1,S1,,,4.9755,,,
234.4436,EMPTY_TRAVEL_END,fixed,T01,D1,S1,,,,,,
234.4436,QUEUE_FOR_SHOVEL,fixed,T01,S1,S1,S1,,,0.0,,
234.4436,LOADING_START,fixed,T01,S1,S1,S1,,4.6337,0.0,0.0,
234.8933,LOADED_TRAVEL_END,fixed,T06,S2,D2,,,,,,
234.8933,QUEUE_FOR_DUMP,fixed,T06,D2,D2,,D2,,0.0,,
234.8933,DUMPING_START,fixed,T06,D2,D2,,D2,1.817,,0.0,89.012
235.0606,EMPTY_TRAVEL_END,fixed,T02,D2,S2,,,,,,
235.0606,QUEUE_FOR_SHOVEL,fixed,T02,S2,S2,S2,,,0.0,,
235.833,LOADING_END,fixed,T04,S2,D2,S2,,5.0798,,,
235.833,LOADED_TRAVEL_START,fixed,T04,S2,D2,,,5.8066,,,
235.833,LOADING_START,fixed,T02,S2,S2,S2,,4.9203,0.0,0.7724,
236.7103,DUMPING_END,fixed,T06,D2,D2,,D2,,,,89.012
236.7103,DISPATCH,fixed,T06,D2,S2,S2,D2,,,,
236.7103,EMPTY_TRAVEL_START,fixed,T06,D2,S2,,,3.7497,,,
237.159,LOADED_TRAVEL_END,fixed,T05,S1,D1,,,,,,
237.159,QUEUE_FOR_DUMP,fixed,T05,D1,D1,,D1,,0.0,,
237.159,DUMPING_START,fixed,T05,D1,D1,,D1,1.4536,,0.0,96.8624
238.6125,DUMPING_END,fixed,T05,D1,D1,,D1,,,,96.8624
238.6125,DISPATCH,fixed,T05,D1,S1,S1,D1,,,,
238.6125,EMPTY_TRAVEL_START,fixed,T05,D1,S1,,,4.7206,,,
239.0773,LOADING_END,fixed,T01,S1,D1,S1,,4.6337,,,
239.0773,LOADED_TRAVEL_START,fixed,T01,S1,D1,,,6.4552,,,
239.3797,EMPTY_TRAVEL_END,fixed,T03,D1,S1,,,,,,
239.3797,QUEUE_FOR_SHOVEL,fixed,T03,S1,S1,S1,,,0.0,,
239.3797,LOADING_START,fixed,T03,S1,S1,S1,,4.8076,0.0,0.0,
240.46,EMPTY_TRAVEL_END,fixed,T06,D2,S2,,,,,,
240.46,QUEUE_FOR_SHOVEL,fixed,T06,S2,S2,S2,,,0.0,,
240.7533,LOADING_END,fixed,T02,S2,D2,S2,,4.9203,,,
240.7533,LOADED_TRAVEL_START,fixed,T02,S2,D2,,,5.4089,,,
240.7533,LOADING_START,fixed,T06,S2,S2,S2,,4.5917,0.0,0.2933,
241.6396,LOADED_TRAVEL_END,fixed,T04,S2,D2,,,,,,
241.6396,QUEUE_FOR_DUMP,fixed,T04,D2,D2,,D2,,0.0,,
241.6396,DUMPING_START,fixed,T04,D2,D2,,D2,1.9011,,0.0,82.9195
243.3331,EMPTY_TRAVEL_END,fixed,T05,D1,S1,,,,,,
243.3331,QUEUE_FOR_SHOVEL,fixed,T05,S1,S1,S1,,,0.0,,
243.5408,DUMPING_END,fixed,T04,D2,D2,,D2,,,,82.9195
243.5408,DISPATCH,fixed,T04,D2,S2,S2,D2,,,,
243.5408,EMPTY_TRAVEL_START,fixed,T04,D2,S2,,,3.7379,,,
244.1873,LOADING_END,fixed,T03,S1,D1,S1,,4.8076,,,
244.1873,LOADED_TRAVEL_START,fixed,T03,S1,D1,,,6.4841,,,
244.1873,LOADING_START,fixed,T05,S1,S1,S1,,4.8013,0.0,0.8541,
245.345,LOADING_END,fixed,T06,S2,D2,S2,,4.5917,,,
245.345,LOADED_TRAVEL_START,fixed,T06,S2,D2,,,5.0331,,,
245.5325,LOADED_TRAVEL_END,fixed,T01,S1,D1,,,,,,
245.5325,QUEUE_FOR_DUMP,fixed,T01,D1,D1,,D1,,0.0,,
245.5325,DUMPING_START,fixed,T01,D1,D1,,D1,1.0967,,0.0,89.4069
246.1622,LOADED_TRAVEL_END,fixed,T02,S2,D2,,,,,,
246.1622,QUEUE_FOR_DUMP,fixed,T02,D2,D2,,D2,,0.0,,
246.1622,DUMPING_START,fixed,T02,D2,D2,,D2,1.6414,,0.0,97.6355
246.6292,DUMPING_END,fixed,T01,D1,D1,,D1,,,,89.4069
246.6292,DISPATCH,fixed,T01,D1,S1,S1,D1,,,,
246.6292,EMPTY_TRAVEL_START,fixed,T01,D1,S1,,,5.1963,,,
247.2787,EMPTY_TRAVEL_END,fixed,T04,D2,S2,,,,,,
247.2787,QUEUE_FOR_SHOVEL,fixed,T04,S2,S2,S2,,,0.0,,
247.2787,LOADING_START,fixed,T04,S2,S2,S2,,5.6181,0.0,0.0,
247.8036,DUMPING_END,fixed,T02,D2,D2,,D2,,,,97.6355
247.8036,DISPATCH,fixed,T02,D2,S2,S2,D2,,,,
247.8036,EMPTY_TRAVEL_START,fixed,T02,D2,S2,,,4.072,,,
248.9885,LOADING_END,fixed,T05,S1,D1,S1,,4.8013,,,
248.9885,LOADED_TRAVEL_START,fixed,T05,S1,D1,,,7.3032,,,
250.378,LOADED_TRAVEL_END,fixed,T06,S2,D2,,,,,,
250.378,QUEUE_FOR_DUMP,fixed,T06,D2,D2,,D2,,0.0,,
250.378,DUMPING_START,fixed,T06,D2,D2,,D2,1.66,,0.0,102.0
250.6713,LOADED_TRAVEL_END,fixed,T03,S1,D1,,,,,,
250.6713,QUEUE_FOR_DUMP,fixed,T03,D1,D1,,D1,,0.0,,
250.6713,DUMPING_START,fixed,T03,D1,D1,,D1,1.5093,,0.0,94.8207
251.8255,EMPTY_TRAVEL_END,fixed,T01,D1,S1,,,,,,
251.8255,QUEUE_FOR_SHOVEL,fixed,T01,S1,S1,S1,,,0.0,,
251.8255,LOADING_START,fixed,T01,S1,S1,S1,,4.5129,0.0,0.0,
251.8756,EMPTY_TRAVEL_END,fixed,T02,D2,S2,,,,,,
251.8756,QUEUE_FOR_SHOVEL,fixed,T02,S2,S2,S2,,,0.0,,
252.0381,DUMPING_END,fixed,T06,D2,D2,,D2,,,,102.0
252.0381,DISPATCH,fixed,T06,D2,S2,S2,D2,,,,
252.0381,EMPTY_TRAVEL_START,fixed,T06,D2,S2,,,3.9758,,,
252.1806,DUMPING_END,fixed,T03,D1,D1,,D1,,,,94.8207
252.1806,DISPATCH,fixed,T03,D1,S1,S1,D1,,,,
252.1806,EMPTY_TRAVEL_START,fixed,T03,D1,S1,,,4.8949,,,
252.8968,LOADING_END,fixed,T04,S2,D2,S2,,5.6181,,,
252.8968,LOADED_TRAVEL_START,fixed,T04,S2,D2,,,5.3623,,,
252.8968,LOADING_START,fixed,T02,S2,S2,S2,,5.6481,0.0,1.0212,
256.0139,EMPTY_TRAVEL_END,fixed,T06,D2,S2,,,,,,
256.0139,QUEUE_FOR_SHOVEL,fixed,T06,S2,S2,S2,,,0.0,,
256.2918,LOADED_TRAVEL_END,fixed,T05,S1,D1,,,,,,
256.2918,QUEUE_FOR_DUMP,fixed,T05,D1,D1,,D1,,0.0,,
256.2918,DUMPING_START,fixed,T05,D1,D1,,D1,1.6809,,0.0,89.6955
256.3384,LOADING_END,fixed,T01,S1,D1,S1,,4.5129,,,
256.3384,LOADED_TRAVEL_START,fixed,T01,S1,D1,,,6.8265,,,
257.0756,EMPTY_TRAVEL_END,fixed,T03,D1,S1,,,,,,
257.0756,QUEUE_FOR_SHOVEL,fixed,T03,S1,S1,S1,,,0.0,,
257.0756,LOADING_START,fixed,T03,S1,S1,S1,,4.3753,0.0,0.0,
257.9726,DUMPING_END,fixed,T05,D1,D1,,D1,,,,89.6955
257.9726,DISPATCH,fixed,T05,D1,S1,S1,D1,,,,
257.9726,EMPTY_TRAVEL_START,fixed,T05,D1,S1,,,4.8927,,,
258.2591,LOADED_TRAVEL_END,fixed,T04,S2,D2,,,,,,
258.2591,QUEUE_FOR_DUMP,fixed,T04,D2,D2,,D2,,0.0,,
258.2591,DUMPING_START,fixed,T04,D2,D2,,D2,1.996,,0.0,102.0
258.5448,LOADING_END,fixed,T02,S2,D2,S2,,5.6481,,,
258.5448,LOADED_TRAVEL_START,fixed,T02,S2,D2,,,5.2831,,,
258.5448,LOADING_START,fixed,T06,S2,S2,S2,,5.9054,0.0,2.5309,
260.2551,DUMPING_END,fixed,T04,D2,D2,,D2,,,,102.0
260.2551,DISPATCH,fixed,T04,D2,S2,S2,D2,,,,
260.2551,EMPTY_TRAVEL_START,fixed,T04,D2,S2,,,4.0473,,,
261.4508,LOADING_END,fixed,T03,S1,D1,S1,,4.3753,,,
261.4508,LOADED_TRAVEL_START,fixed,T03,S1,D1,,,6.5011,,,
262.8654,EMPTY_TRAVEL_END,fixed,T05,D1,S1,,,,,,
262.8654,QUEUE_FOR_SHOVEL,fixed,T05,S1,S1,S1,,,0.0,,
262.8654,LOADING_START,fixed,T05,S1,S1,S1,,5.745,0.0,0.0,
263.1649,LOADED_TRAVEL_END,fixed,T01,S1,D1,,,,,,
263.1649,QUEUE_FOR_DUMP,fixed,T01,D1,D1,,D1,,0.0,,
263.1649,DUMPING_START,fixed,T01,D1,D1,,D1,1.5335,,0.0,90.4522
263.8279,LOADED_TRAVEL_END,fixed,T02,S2,D2,,,,,,
263.8279,QUEUE_FOR_DUMP,fixed,T02,D2,D2,,D2,,0.0,,
263.8279,DUMPING_START,fixed,T02,D2,D2,,D2,2.2007,,0.0,94.405
264.3023,EMPTY_TRAVEL_END,fixed,T04,D2,S2,,,,,,
264.3023,QUEUE_FOR_SHOVEL,fixed,T04,S2,S2,S2,,,0.0,,
264.4503,LOADING_END,fixed,T06,S2,D2,S2,,5.9054,,,
264.4503,LOADED_TRAVEL_START,fixed,T06,S2,D2,,,5.5787,,,
264.4503,LOADING_START,fixed,T04,S2,S2,S2,,4.5876,0.0,0.148,
264.6984,DUMPING_END,fixed,T01,D1,D1,,D1,,,,90.4522
264.6984,DISPATCH,fixed,T01,D1,S1,S1,D1,,,,
264.6984,EMPTY_TRAVEL_START,fixed,T01,D1,S1,,,4.6504,,,
266.0287,DUMPING_END,fixed,T02,D2,D2,,D2,,,,94.405
266.0287,DISPATCH,fixed,T02,D2,S2,S2,D2,,,,
266.0287,EMPTY_TRAVEL_START,fixed,T02,D2,S2,,,3.8573,,,
267.9519,LOADED_TRAVEL_END,fixed,T03,S1,D1,,,,,,
267.9519,QUEUE_FOR_DUMP,fixed,T03,D1,D1,,D1,,0.0,,
267.9519,DUMPING_START,fixed,T03,D1,D1,,D1,1.1323,,0.0,89.6739
268.6103,LOADING_END,fixed,T05,S1,D1,S1,,5.745,,,
268.6103,LOADED_TRAVEL_START,fixed,T05,S1,D1,,,6.4731,,,
269.0379,LOADING_END,fixed,T04,S2,D2,S2,,4.5876,,,
269.0379,LOADED_TRAVEL_START,fixed,T04,S2,D2,,,5.1309,,,
269.0841,DUMPING_END,fixed,T03,D1,D1,,D1,,,,89.6739
269.0841,DISPATCH,fixed,T03,D1,S1,S1,D1,,,,
269.0841,EMPTY_TRAVEL_START,fixed,T03,D1,S1,,,5.4107,,,
269.3488,EMPTY_TRAVEL_END,fixed,T01,D1,S1,,,,,,
269.3488,QUEUE_FOR_SHOVEL,fixed,T01,S1,S1,S1,,,0.0,,
269.3488,LOADING_START,fixed,T01,S1,S1,S1,,4.3995,0.0,0.0,
269.8859,EMPTY_TRAVEL_END,fixed,T02,D2,S2,,,,,,
269.8859,QUEUE_FOR_SHOVEL,fixed,T02,S2,S2,S2,,,0.0,,
269.8859,LOADING_START,fixed,T02,S2,S2,S2,,4.4985,0.0,0.0,
270.029,LOADED_TRAVEL_END,fixed,T06,S2,D2,,,,,,
270.029,QUEUE_FOR_DUMP,fixed,T06,D2,D2,,D2,,0.0,,
270.029,DUMPING_START,fixed,T06,D2,D2,,D2,1.7438,,0.0,100.7135
271.7729,DUMPING_END,fixed,T06,D2,D2,,D2,,,,100.7135
271.7729,DISPATCH,fixed,T06,D2,S2,S2,D2,,,,
271.7729,EMPTY_TRAVEL_START,fixed,T06,D2,S2,,,3.5082,,,
273.7483,LOADING_END,fixed,T01,S1,D1,S1,,4.3995,,,
273.7483,LOADED_TRAVEL_START,fixed,T01,S1,D1,,,6.9137,,,
274.1688,LOADED_TRAVEL_END,fixed,T04,S2,D2,,,,,,
274.1688,QUEUE_FOR_DUMP,fixed,T04,D2,D2,,D2,,0.0,,
274.1688,DUMPING_START,fixed,T04,D2,D2,,D2,1.7963,,0.0,90.546
274.3844,LOADING_END,fixed,T02,S2,D2,S2,,4.4985,,,
274.3844,LOADED_TRAVEL_START,fixed,T02,S2,D2,,,5.4875,,,
274.4948,EMPTY_TRAVEL_END,fixed,T03,D1,S1,,,,,,
274.4948,QUEUE_FOR_SHOVEL,fixed,T03,S1,S1,S1,,,0.0,,
274.4948,LOADING_START,fixed,T03,S1,S1,S1,,4.3139,0.0,0.0,
275.0835,LOADED_TRAVEL_END,fixed,T05,S1,D1,,,,,,
275.0835,QUEUE_FOR_DUMP,fixed,T05,D1,D1,,D1,,0.0,,
275.0835,DUMPING_START,fixed,T05,D1,D1,,D1,1.1084,,0.0,97.4406
275.2811,EMPTY_TRAVEL_END,fixed,T06,D2,S2,,,,,,
275.2811,QUEUE_FOR_SHOVEL,fixed,T06,S2,S2,S2,,,0.0,,
275.2811,LOADING_START,fixed,T06,S2,S2,S2,,6.1491,0.0,0.0,
275.9652,DUMPING_END,fixed,T04,D2,D2,,D2,,,,90.546
275.9652,DISPATCH,fixed,T04,D2,S2,S2,D2,,,,
275.9652,EMPTY_TRAVEL_START,fixed,T04,D2,S2,,,4.0205,,,
276.1919,DUMPING_END,fixed,T05,D1,D1,,D1,,,,97.4406
276.1919,DISPATCH,fixed,T05,D1,S1,S1,D1,,,,
276.1919,EMPTY_TRAVEL_START,fixed,T05,D1,S1,,,4.5792,,,
278.8087,LOADING_END,fixed,T03,S1,D1,S1,,4.3139,,,
278.8087,LOADED_TRAVEL_START,fixed,T03,S1,D1,,,6.184,,,
279.8719,LOADED_TRAVEL_END,fixed,T02,S2,D2,,,,,,
279.8719,QUEUE_FOR_DUMP,fixed,T02,D2,D2,,D2,,0.0,,
279.8719,DUMPING_START,fixed,T02,D2,D2,,D2,1.8619,,0.0,101.5665
279.9856,EMPTY_TRAVEL_END,fixed,T04,D2,S2,,,,,,
279.9856,QUEUE_FOR_SHOVEL,fixed,T04,S2,S2,S2,,,0.0,,
280.662,LOADED_TRAVEL_END,fixed,T01,S1,D1,,,,,,
280.662,QUEUE_FOR_DUMP,fixed,T01,D1,D1,,D1,,0.0,,
280.662,DUMPING_START,fixed,T01,D1,D1,,D1,1.7843,,0.0,88.0267
280.771,EMPTY_TRAVEL_END,fixed,T05,D1,S1,,,,,,
280.771,QUEUE_FOR_SHOVEL,fixed,T05,S1,S1,S1,,,0.0,,
280.771,LOADING_START,fixed,T05,S1,S1,S1,,5.3754,0.0,0.0,
281.4302,LOADING_END,fixed,T06,S2,D2,S2,,6.1491,,,
281.4302,LOADED_TRAVEL_START,fixed,T06,S2,D2,,,5.1725,,,
281.4302,LOADING_START,fixed,T04,S2,S2,S2,,5.645,0.0,1.4445,
281.7338,DUMPING_END,fixed,T02,D2,D2,,D2,,,,101.5665
281.7338,DISPATCH,fixed,T02,D2,S2,S2,D2,,,,
281.7338,EMPTY_TRAVEL_START,fixed,T02,D2,S2,,,4.0813,,,
282.4463,DUMPING_END,fixed,T01,D1,D1,,D1,,,,88.0267
282.4463,DISPATCH,fixed,T01,D1,S1,S1,D1,,,,
282.4463,EMPTY_TRAVEL_START,fixed,T01,D1,S1,,,4.5016,,,
284.9927,LOADED_TRAVEL_END,fixed,T03,S1,D1,,,,,,
284.9927,QUEUE_FOR_DUMP,fixed,T03,D1,D1,,D1,,0.0,,
284.9927,DUMPING_START,fixed,T03,D1,D1,,D1,1.0737,,0.0,95.4473
285.8151,EMPTY_TRAVEL_END,fixed,T02,D2,S2,,,,,,
285.8151,QUEUE_FOR_SHOVEL,fixed,T02,S2,S2,S2,,,0.0,,
286.0664,DUMPING_END,fixed,T03,D1,D1,,D1,,,,95.4473
286.0664,DISPATCH,fixed,T03,D1,S1,S1,D1,,,,
286.0664,EMPTY_TRAVEL_START,fixed,T03,D1,S1,,,5.2436,,,
286.1464,LOADING_END,fixed,T05,S1,D1,S1,,5.3754,,,
286.1464,LOADED_TRAVEL_START,fixed,T05,S1,D1,,,6.0383,,,
286.6027,LOADED_TRAVEL_END,fixed,T06,S2,D2,,,,,,
286.6027,QUEUE_FOR_DUMP,fixed,T06,D2,D2,,D2,,0.0,,
286.6027,DUMPING_START,fixed,T06,D2,D2,,D2,1.9566,,0.0,94.925
286.9478,EMPTY_TRAVEL_END,fixed,T01,D1,S1,,,,,,
286.9478,QUEUE_FOR_SHOVEL,fixed,T01,S1,S1,S1,,,0.0,,
286.9478,LOADING_START,fixed,T01,S1,S1,S1,,3.9418,0.0,0.0,
287.0751,LOADING_END,fixed,T04,S2,D2,S2,,5.645,,,
287.0751,LOADED_TRAVEL_START,fixed,T04,S2,D2,,,5.3479,,,
287.0751,LOADING_START,fixed,T02,S2,S2,S2,,4.9742,0.0,1.26,
288.5592,DUMPING_END,fixed,T06,D2,D2,,D2,,,,94.925
288.5592,DISPATCH,fixed,T06,D2,S2,S2,D2,,,,
288.5592,EMPTY_TRAVEL_START,fixed,T06,D2,S2,,,4.4029,,,
290.8896,LOADING_END,fixed,T01,S1,D1,S1,,3.9418,,,
290.8896,LOADED_TRAVEL_START,fixed,T01,S1,D1,,,6.5393,,,
291.31,EMPTY_TRAVEL_END,fixed,T03,D1,S1,,,,,,
291.31,QUEUE_FOR_SHOVEL,fixed,T03,S1,S1,S1,,,0.0,,
291.31,LOADING_START,fixed,T03,S1,S1,S1,,4.7458,0.0,0.0,
292.0493,LOADING_END,fixed,T02,S2,D2,S2,,4.9742,,,
292.0493,LOADED_TRAVEL_START,fixed,T02,S2,D2,,,5.3852,,,
292.1847,LOADED_TRAVEL_END,fixed,T05,S1,D1,,,,,,
292.1847,QUEUE_FOR_DUMP,fixed,T05,D1,D1,,D1,,0.0,,
292.1847,DUMPING_START,fixed,T05,D1,D1,,D1,1.3259,,0.0,99.8273
292.423,LOADED_TRAVEL_END,fixed,T04,S2,D2,,,,,,
292.423,QUEUE_FOR_DUMP,fixed,T04,D2,D2,,D2,,0.0,,
292.423,DUMPING_START,fixed,T04,D2,D2,,D2,2.0224,,0.0,88.8332
292.9621,EMPTY_TRAVEL_END,fixed,T06,D2,S2,,,,,,
292.9621,QUEUE_FOR_SHOVEL,fixed,T06,S2,S2,S2,,,0.0,,
292.9621,LOADING_START,fixed,T06,S2,S2,S2,,6.1143,0.0,0.0,
293.5105,DUMPING_END,fixed,T05,D1,D1,,D1,,,,99.8273
293.5105,DISPATCH,fixed,T05,D1,S1,S1,D1,,,,
293.5105,EMPTY_TRAVEL_START,fixed,T05,D1,S1,,,4.5867,,,
294.4454,DUMPING_END,fixed,T04,D2,D2,,D2,,,,88.8332
294.4454,DISPATCH,fixed,T04,D2,S2,S2,D2,,,,
294.4454,EMPTY_TRAVEL_START,fixed,T04,D2,S2,,,4.0213,,,
296.0558,LOADING_END,fixed,T03,S1,D1,S1,,4.7458,,,
296.0558,LOADED_TRAVEL_START,fixed,T03,S1,D1,,,7.0042,,,
297.4289,LOADED_TRAVEL_END,fixed,T01,S1,D1,,,,,,
297.4289,QUEUE_FOR_DUMP,fixed,T01,D1,D1,,D1,,0.0,,
297.4289,DUMPING_START,fixed,T01,D1,D1,,D1,1.0753,,0.0,99.2331
297.4345,LOADED_TRAVEL_END,fixed,T02,S2,D2,,,,,,
297.4345,QUEUE_FOR_DUMP,fixed,T02,D2,D2,,D2,,0.0,,
297.4345,DUMPING_START,fixed,T02,D2,D2,,D2,2.3167,,0.0,99.6607
298.0972,EMPTY_TRAVEL_END,fixed,T05,D1,S1,,,,,,
298.0972,QUEUE_FOR_SHOVEL,fixed,T05,S1,S1,S1,,,0.0,,
298.0972,LOADING_START,fixed,T05,S1,S1,S1,,4.8049,0.0,0.0,
298.4667,EMPTY_TRAVEL_END,fixed,T04,D2,S2,,,,,,
298.4667,QUEUE_FOR_SHOVEL,fixed,T04,S2,S2,S2,,,0.0,,
298.5042,DUMPING_END,fixed,T01,D1,D1,,D1,,,,99.2331
298.5042,DISPATCH,fixed,T01,D1,S1,S1,D1,,,,
298.5042,EMPTY_TRAVEL_START,fixed,T01,D1,S1,,,4.7452,,,
299.0765,LOADING_END,fixed,T06,S2,D2,S2,,6.1143,,,
299.0765,LOADED_TRAVEL_START,fixed,T06,S2,D2,,,5.4782,,,
299.0765,LOADING_START,fixed,T04,S2,S2,S2,,5.1169,0.0,0.6097,
299.7512,DUMPING_END,fixed,T02,D2,D2,,D2,,,,99.6607
299.7512,DISPATCH,fixed,T02,D2,S2,S2,D2,,,,
299.7512,EMPTY_TRAVEL_START,fixed,T02,D2,S2,,,4.3819,,,
302.9021,LOADING_END,fixed,T05,S1,D1,S1,,4.8049,,,
302.9021,LOADED_TRAVEL_START,fixed,T05,S1,D1,,,6.7795,,,
303.06,LOADED_TRAVEL_END,fixed,T03,S1,D1,,,,,,
303.06,QUEUE_FOR_DUMP,fixed,T03,D1,D1,,D1,,0.0,,
303.06,DUMPING_START,fixed,T03,D1,D1,,D1,1.0667,,0.0,92.253
303.2494,EMPTY_TRAVEL_END,fixed,T01,D1,S1,,,,,,
303.2494,QUEUE_FOR_SHOVEL,fixed,T01,S1,S1,S1,,,0.0,,
303.2494,LOADING_START,fixed,T01,S1,S1,S1,,5.464,0.0,0.0,
304.1267,DUMPING_END,fixed,T03,D1,D1,,D1,,,,92.253
304.1267,DISPATCH,fixed,T03,D1,S1,S1,D1,,,,
304.1267,EMPTY_TRAVEL_START,fixed,T03,D1,S1,,,4.7962,,,
304.1331,EMPTY_TRAVEL_END,fixed,T02,D2,S2,,,,,,
304.1331,QUEUE_FOR_SHOVEL,fixed,T02,S2,S2,S2,,,0.0,,
304.1934,LOADING_END,fixed,T04,S2,D2,S2,,5.1169,,,
304.1934,LOADED_TRAVEL_START,fixed,T04,S2,D2,,,5.6077,,,
304.1934,LOADING_START,fixed,T02,S2,S2,S2,,5.0441,0.0,0.0603,
304.5547,LOADED_TRAVEL_END,fixed,T06,S2,D2,,,,,,
304.5547,QUEUE_FOR_DUMP,fixed,T06,D2,D2,,D2,,0.0,,
304.5547,DUMPING_START,fixed,T06,D2,D2,,D2,1.6298,,0.0,88.2151
306.1845,DUMPING_END,fixed,T06,D2,D2,,D2,,,,88.2151
306.1845,DISPATCH,fixed,T06,D2,S2,S2,D2,,,,
306.1845,EMPTY_TRAVEL_START,fixed,T06,D2,S2,,,3.9962,,,
308.7134,LOADING_END,fixed,T01,S1,D1,S1,,5.464,,,
308.7134,LOADED_TRAVEL_START,fixed,T01,S1,D1,,,7.2264,,,
308.923,EMPTY_TRAVEL_END,fixed,T03,D1,S1,,,,,,
308.923,QUEUE_FOR_SHOVEL,fixed,T03,S1,S1,S1,,,0.0,,
308.923,LOADING_START,fixed,T03,S1,S1,S1,,5.7036,0.0,0.0,
309.2376,LOADING_END,fixed,T02,S2,D2,S2,,5.0441,,,
309.2376,LOADED_TRAVEL_START,fixed,T02,S2,D2,,,6.0525,,,
309.6816,LOADED_TRAVEL_END,fixed,T05,S1,D1,,,,,,
309.6816,QUEUE_FOR_DUMP,fixed,T05,D1,D1,,D1,,0.0,,
309.6816,DUMPING_START,fixed,T05,D1,D1,,D1,1.644,,0.0,93.4353
309.8011,LOADED_TRAVEL_END,fixed,T04,S2,D2,,,,,,
309.8011,QUEUE_FOR_DUMP,fixed,T04,D2,D2,,D2,,0.0,,
309.8011,DUMPING_START,fixed,T04,D2,D2,,D2,1.5096,,0.0,100.1822
310.1807,EMPTY_TRAVEL_END,fixed,T06,D2,S2,,,,,,
310.1807,QUEUE_FOR_SHOVEL,fixed,T06,S2,S2,S2,,,0.0,,
310.1807,LOADING_START,fixed,T06,S2,S2,S2,,5.0453,0.0,0.0,
311.3107,DUMPING_END,fixed,T04,D2,D2,,D2,,,,100.1822
311.3107,DISPATCH,fixed,T04,D2,S2,S2,D2,,,,
311.3107,EMPTY_TRAVEL_START,fixed,T04,D2,S2,,,3.8268,,,
311.3256,DUMPING_END,fixed,T05,D1,D1,,D1,,,,93.4353
311.3256,DISPATCH,fixed,T05,D1,S1,S1,D1,,,,
311.3256,EMPTY_TRAVEL_START,fixed,T05,D1,S1,,,4.8506,,,
314.6266,LOADING_END,fixed,T03,S1,D1,S1,,5.7036,,,
314.6266,LOADED_TRAVEL_START,fixed,T03,S1,D1,,,6.6387,,,
315.1374,EMPTY_TRAVEL_END,fixed,T04,D2,S2,,,,,,
315.1374,QUEUE_FOR_SHOVEL,fixed,T04,S2,S2,S2,,,0.0,,
315.226,LOADING_END,fixed,T06,S2,D2,S2,,5.0453,,,
315.226,LOADED_TRAVEL_START,fixed,T06,S2,D2,,,5.5701,,,
315.226,LOADING_START,fixed,T04,S2,S2,S2,,5.4981,0.0,0.0886,
315.29,LOADED_TRAVEL_END,fixed,T02,S2,D2,,,,,,
315.29,QUEUE_FOR_DUMP,fixed,T02,D2,D2,,D2,,0.0,,
315.29,DUMPING_START,fixed,T02,D2,D2,,D2,1.464,,0.0,90.81
315.9397,LOADED_TRAVEL_END,fixed,T01,S1,D1,,,,,,
315.9397,QUEUE_FOR_DUMP,fixed,T01,D1,D1,,D1,,0.0,,
315.9397,DUMPING_START,fixed,T01,D1,D1,,D1,0.8435,,0.0,90.9104
316.1762,EMPTY_TRAVEL_END,fixed,T05,D1,S1,,,,,,
316.1762,QUEUE_FOR_SHOVEL,fixed,T05,S1,S1,S1,,,0.0,,
316.1762,LOADING_START,fixed,T05,S1,S1,S1,,4.9376,0.0,0.0,
316.754,DUMPING_END,fixed,T02,D2,D2,,D2,,,,90.81
316.754,DISPATCH,fixed,T02,D2,S2,S2,D2,,,,
316.754,EMPTY_TRAVEL_START,fixed,T02,D2,S2,,,4.0738,,,
316.7832,DUMPING_END,fixed,T01,D1,D1,,D1,,,,90.9104
316.7832,DISPATCH,fixed,T01,D1,S1,S1,D1,,,,
316.7832,EMPTY_TRAVEL_START,fixed,T01,D1,S1,,,5.0958,,,
320.7242,LOADING_END,fixed,T04,S2,D2,S2,,5.4981,,,
320.7242,LOADED_TRAVEL_START,fixed,T04,S2,D2,,,5.6488,,,
320.7961,LOADED_TRAVEL_END,fixed,T06,S2,D2,,,,,,
320.7961,QUEUE_FOR_DUMP,fixed,T06,D2,D2,,D2,,0.0,,
320.7961,DUMPING_START,fixed,T06,D2,D2,,D2,1.3512,,0.0,89.724
320.8277,EMPTY_TRAVEL_END,fixed,T02,D2,S2,,,,,,
320.8277,QUEUE_FOR_SHOVEL,fixed,T02,S2,S2,S2,,,0.0,,
320.8277,LOADING_START,fixed,T02,S2,S2,S2,,5.46,0.0,0.0,
321.1139,LOADING_END,fixed,T05,S1,D1,S1,,4.9376,,,
321.1139,LOADED_TRAVEL_START,fixed,T05,S1,D1,,,7.2079,,,
321.2654,LOADED_TRAVEL_END,fixed,T03,S1,D1,,,,,,
321.2654,QUEUE_FOR_DUMP,fixed,T03,D1,D1,,D1,,0.0,,
321.2654,DUMPING_START,fixed,T03,D1,D1,,D1,1.3352,,0.0,89.7184
321.879,EMPTY_TRAVEL_END,fixed,T01,D1,S1,,,,,,
321.879,QUEUE_FOR_SHOVEL,fixed,T01,S1,S1,S1,,,0.0,,
321.879,LOADING_START,fixed,T01,S1,S1,S1,,5.1786,0.0,0.0,
322.1473,DUMPING_END,fixed,T06,D2,D2,,D2,,,,89.724
322.1473,DISPATCH,fixed,T06,D2,S2,S2,D2,,,,
322.1473,EMPTY_TRAVEL_START,fixed,T06,D2,S2,,,3.9048,,,
322.6006,DUMPING_END,fixed,T03,D1,D1,,D1,,,,89.7184
322.6006,DISPATCH,fixed,T03,D1,S1,S1,D1,,,,
322.6006,EMPTY_TRAVEL_START,fixed,T03,D1,S1,,,4.967,,,
326.052,EMPTY_TRAVEL_END,fixed,T06,D2,S2,,,,,,
326.052,QUEUE_FOR_SHOVEL,fixed,T06,S2,S2,S2,,,0.0,,
326.2878,LOADING_END,fixed,T02,S2,D2,S2,,5.46,,,
326.2878,LOADED_TRAVEL_START,fixed,T02,S2,D2,,,5.2848,,,
326.2878,LOADING_START,fixed,T06,S2,S2,S2,,5.4932,0.0,0.2358,
326.373,LOADED_TRAVEL_END,fixed,T04,S2,D2,,,,,,
326.373,QUEUE_FOR_DUMP,fixed,T04,D2,D2,,D2,,0.0,,
326.373,DUMPING_START,fixed,T04,D2,D2,,D2,1.2204,,0.0,86.0161
327.0577,LOADING_END,fixed,T01,S1,D1,S1,,5.1786,,,
327.0577,LOADED_TRAVEL_START,fixed,T01,S1,D1,,,6.3425,,,
327.5676,EMPTY_TRAVEL_END,fixed,T03,D1,S1,,,,,,
327.5676,QUEUE_FOR_SHOVEL,fixed,T03,S1,S1,S1,,,0.0,,
327.5676,LOADING_START,fixed,T03,S1,S1,S1,,5.0655,0.0,0.0,
327.5934,DUMPING_END,fixed,T04,D2,D2,,D2,,,,86.0161
327.5934,DISPATCH,fixed,T04,D2,S2,S2,D2,,,,
327.5934,EMPTY_TRAVEL_START,fixed,T04,D2,S2,,,3.7516,,,
328.3218,LOADED_TRAVEL_END,fixed,T05,S1,D1,,,,,,
328.3218,QUEUE_FOR_DUMP,fixed,T05,D1,D1,,D1,,0.0,,
328.3218,DUMPING_START,fixed,T05,D1,D1,,D1,1.5743,,0.0,92.1543
329.8961,DUMPING_END,fixed,T05,D1,D1,,D1,,,,92.1543
329.8961,DISPATCH,fixed,T05,D1,S1,S1,D1,,,,
329.8961,EMPTY_TRAVEL_START,fixed,T05,D1,S1,,,4.7218,,,
331.345,EMPTY_TRAVEL_END,fixed,T04,D2,S2,,,,,,
331.345,QUEUE_FOR_SHOVEL,fixed,T04,S2,S2,S2,,,0.0,,
331.5725,LOADED_TRAVEL_END,fixed,T02,S2,D2,,,,,,
331.5725,QUEUE_FOR_DUMP,fixed,T02,D2,D2,,D2,,0.0,,
331.5725,DUMPING_START,fixed,T02,D2,D2,,D2,1.717,,0.0,96.2757
331.781,LOADING_END,fixed,T06,S2,D2,S2,,5.4932,,,
331.781,LOADED_TRAVEL_START,fixed,T06,S2,D2,,,5.833,,,
331.781,LOADING_START,fixed,T04,S2,S2,S2,,5.3896,0.0,0.436,
332.6331,LOADING_END,fixed,T03,S1,D1,S1,,5.0655,,,
332.6331,LOADED_TRAVEL_START,fixed,T03,S1,D1,,,6.1966,,,
333.2895,DUMPING_END,fixed,T02,D2,D2,,D2,,,,96.2757
333.2895,DISPATCH,fixed,T02,D2,S2,S2,D2,,,,
333.2895,EMPTY_TRAVEL_START,fixed,T02,D2,S2,,,3.9203,,,
333.4001,LOADED_TRAVEL_END,fixed,T01,S1,D1,,,,,,
333.4001,QUEUE_FOR_DUMP,fixed,T01,D1,D1,,D1,,0.0,,
333.4001,DUMPING_START,fixed,T01,D1,D1,,D1,1.1877,,0.0,93.9664
334.5879,DUMPING_END,fixed,T01,D1,D1,,D1,,,,93.9664
334.5879,DISPATCH,fixed,T01,D1,S1,S1,D1,,,,
334.5879,EMPTY_TRAVEL_START,fixed,T01,D1,S1,,,4.3574,,,
334.6179,EMPTY_TRAVEL_END,fixed,T05,D1,S1,,,,,,
334.6179,QUEUE_FOR_SHOVEL,fixed,T05,S1,S1,S1,,,0.0,,
334.6179,LOADING_START,fixed,T05,S1,S1,S1,,4.348,0.0,0.0,
337.1706,LOADING_END,fixed,T04,S2,D2,S2,,5.3896,,,
337.1706,LOADED_TRAVEL_START,fixed,T04,S2,D2,,,5.1366,,,
337.2098,EMPTY_TRAVEL_END,fixed,T02,D2,S2,,,,,,
337.2098,QUEUE_FOR_SHOVEL,fixed,T02,S2,S2,S2,,,0.0,,
337.2098,LOADING_START,fixed,T02,S2,S2,S2,,5.2723,0.0,0.0,
337.614,LOADED_TRAVEL_END,fixed,T06,S2,D2,,,,,,
337.614,QUEUE_FOR_DUMP,fixed,T06,D2,D2,,D2,,0.0,,
337.614,DUMPING_START,fixed,T06,D2,D2,,D2,1.474,,0.0,94.2814
338.8297,LOADED_TRAVEL_END,fixed,T03,S1,D1,,,,,,
338.8297,QUEUE_FOR_DUMP,fixed,T03,D1,D1,,D1,,0.0,,
338.8297,DUMPING_START,fixed,T03,D1,D1,,D1,1.0236,,0.0,89.5869
338.9452,EMPTY_TRAVEL_END,fixed,T01,D1,S1,,,,,,
338.9452,QUEUE_FOR_SHOVEL,fixed,T01,S1,S1,S1,,,0.0,,
338.9659,LOADING_END,fixed,T05,S1,D1,S1,,4.348,,,
338.9659,LOADED_TRAVEL_START,fixed,T05,S1,D1,,,5.9746,,,
338.9659,LOADING_START,fixed,T01,S1,S1,S1,,5.1096,0.0,0.0207,
339.0881,DUMPING_END,fixed,T06,D2,D2,,D2,,,,94.2814
339.0881,DISPATCH,fixed,T06,D2,S2,S2,D2,,,,
339.0881,EMPTY_TRAVEL_START,fixed,T06,D2,S2,,,3.6392,,,
339.8533,DUMPING_END,fixed,T03,D1,D1,,D1,,,,89.5869
339.8533,DISPATCH,fixed,T03,D1,S1,S1,D1,,,,
339.8533,EMPTY_TRAVEL_START,fixed,T03,D1,S1,,,5.2331,,,
342.3072,LOADED_TRAVEL_END,fixed,T04,S2,D2,,,,,,
342.3072,QUEUE_FOR_DUMP,fixed,T04,D2,D2,,D2,,0.0,,
342.3072,DUMPING_START,fixed,T04,D2,D2,,D2,1.1072,,0.0,97.0767
342.4821,LOADING_END,fixed,T02,S2,D2,S2,,5.2723,,,
342.4821,LOADED_TRAVEL_START,fixed,T02,S2,D2,,,4.8844,,,
342.7273,EMPTY_TRAVEL_END,fixed,T06,D2,S2,,,,,,
342.7273,QUEUE_FOR_SHOVEL,fixed,T06,S2,S2,S2,,,0.0,,
342.7273,LOADING_START,fixed,T06,S2,S2,S2,,4.9344,0.0,0.0,
343.4144,DUMPING_END,fixed,T04,D2,D2,,D2,,,,97.0767
343.4144,DISPATCH,fixed,T04,D2,S2,S2,D2,,,,
343.4144,EMPTY_TRAVEL_START,fixed,T04,D2,S2,,,3.6029,,,
344.0755,LOADING_END,fixed,T01,S1,D1,S1,,5.1096,,,
344.0755,LOADED_TRAVEL_START,fixed,T01,S1,D1,,,6.8729,,,
344.9405,LOADED_TRAVEL_END,fixed,T05,S1,D1,,,,,,
344.9405,QUEUE_FOR_DUMP,fixed,T05,D1,D1,,D1,,0.0,,
344.9405,DUMPING_START,fixed,T05,D1,D1,,D1,1.4574,,0.0,92.9294
345.0864,EMPTY_TRAVEL_END,fixed,T03,D1,S1,,,,,,
345.0864,QUEUE_FOR_SHOVEL,fixed,T03,S1,S1,S1,,,0.0,,
345.0864,LOADING_START,fixed,T03,S1,S1,S1,,4.1458,0.0,0.0,
346.3978,DUMPING_END,fixed,T05,D1,D1,,D1,,,,92.9294
346.3978,DISPATCH,fixed,T05,D1,S1,S1,D1,,,,
346.3978,EMPTY_TRAVEL_START,fixed,T05,D1,S1,,,5.1365,,,
347.0172,EMPTY_TRAVEL_END,fixed,T04,D2,S2,,,,,,
347.0172,QUEUE_FOR_SHOVEL,fixed,T04,S2,S2,S2,,,0.0,,
347.3665,LOADED_TRAVEL_END,fixed,T02,S2,D2,,,,,,
347.3665,QUEUE_FOR_DUMP,fixed,T02,D2,D2,,D2,,0.0,,
347.3665,DUMPING_START,fixed,T02,D2,D2,,D2,2.2316,,0.0,92.9567
347.6616,LOADING_END,fixed,T06,S2,D2,S2,,4.9344,,,
347.6616,LOADED_TRAVEL_START,fixed,T06,S2,D2,,,5.2931,,,
347.6616,LOADING_START,fixed,T04,S2,S2,S2,,4.6693,0.0,0.6444,
349.2322,LOADING_END,fixed,T03,S1,D1,S1,,4.1458,,,
349.2322,LOADED_TRAVEL_START,fixed,T03,S1,D1,,,6.7055,,,
349.5981,DUMPING_END,fixed,T02,D2,D2,,D2,,,,92.9567
349.5981,DISPATCH,fixed,T02,D2,S2,S2,D2,,,,
349.5981,EMPTY_TRAVEL_START,fixed,T02,D2,S2,,,3.9053,,,
350.9484,LOADED_TRAVEL_END,fixed,T01,S1,D1,,,,,,
350.9484,QUEUE_FOR_DUMP,fixed,T01,D1,D1,,D1,,0.0,,
350.9484,DUMPING_START,fixed,T01,D1,D1,,D1,1.35,,0.0,89.712
351.5343,EMPTY_TRAVEL_END,fixed,T05,D1,S1,,,,,,
351.5343,QUEUE_FOR_SHOVEL,fixed,T05,S1,S1,S1,,,0.0,,
351.5343,LOADING_START,fixed,T05,S1,S1,S1,,3.7697,0.0,0.0,
352.2984,DUMPING_END,fixed,T01,D1,D1,,D1,,,,89.712
352.2984,DISPATCH,fixed,T01,D1,S1,S1,D1,,,,
352.2984,EMPTY_TRAVEL_START,fixed,T01,D1,S1,,,4.6484,,,
352.3309,LOADING_END,fixed,T04,S2,D2,S2,,4.6693,,,
352.3309,LOADED_TRAVEL_START,fixed,T04,S2,D2,,,5.8945,,,
352.9547,LOADED_TRAVEL_END,fixed,T06,S2,D2,,,,,,
352.9547,QUEUE_FOR_DUMP,fixed,T06,D2,D2,,D2,,0.0,,
352.9547,DUMPING_START,fixed,T06,D2,D2,,D2,1.7599,,0.0,99.1574
353.5033,EMPTY_TRAVEL_END,fixed,T02,D2,S2,,,,,,
353.5033,QUEUE_FOR_SHOVEL,fixed,T02,S2,S2,S2,,,0.0,,
353.5033,LOADING_START,fixed,T02,S2,S2,S2,,5.1423,0.0,0.0,
354.7147,DUMPING_END,fixed,T06,D2,D2,,D2,,,,99.1574
354.7147,DISPATCH,fixed,T06,D2,S2,S2,D2,,,,
354.7147,EMPTY_TRAVEL_START,fixed,T06,D2,S2,,,4.0338,,,
355.3041,LOADING_END,fixed,T05,S1,D1,S1,,3.7697,,,
355.3041,LOADED_TRAVEL_START,fixed,T05,S1,D1,,,7.154,,,
355.9377,LOADED_TRAVEL_END,fixed,T03,S1,D1,,,,,,
355.9377,QUEUE_FOR_DUMP,fixed,T03,D1,D1,,D1,,0.0,,
355.9377,DUMPING_START,fixed,T03,D1,D1,,D1,1.3303,,0.0,92.326
356.9468,EMPTY_TRAVEL_END,fixed,T01,D1,S1,,,,,,
356.9468,QUEUE_FOR_SHOVEL,fixed,T01,S1,S1,S1,,,0.0,,
356.9468,LOADING_START,fixed,T01,S1,S1,S1,,4.6334,0.0,0.0,
357.268,DUMPING_END,fixed,T03,D1,D1,,D1,,,,92.326
357.268,DISPATCH,fixed,T03,D1,S1,S1,D1,,,,
357.268,EMPTY_TRAVEL_START,fixed,T03,D1,S1,,,4.798,,,
358.2254,LOADED_TRAVEL_END,fixed,T04,S2,D2,,,,,,
358.2254,QUEUE_FOR_DUMP,fixed,T04,D2,D2,,D2,,0.0,,
358.2254,DUMPING_START,fixed,T04,D2,D2,,D2,1.8004,,0.0,93.7496
358.6457,LOADING_END,fixed,T02,S2,D2,S2,,5.1423,,,
358.6457,LOADED_TRAVEL_START,fixed,T02,S2,D2,,,5.6388,,,
358.7485,EMPTY_TRAVEL_END,fixed,T06,D2,S2,,,,,,
358.7485,QUEUE_FOR_SHOVEL,fixed,T06,S2,S2,S2,,,0.0,,
358.7485,LOADING_START,fixed,T06,S2,S2,S2,,4.2636,0.0,0.0,
360.0258,DUMPING_END,fixed,T04,D2,D2,,D2,,,,93.7496
360.0258,DISPATCH,fixed,T04,D2,S2,S2,D2,,,,
360.0258,EMPTY_TRAVEL_START,fixed,T04,D2,S2,,,3.8042,,,
361.5802,LOADING_END,fixed,T01,S1,D1,S1,,4.6334,,,
361.5802,LOADED_TRAVEL_START,fixed,T01,S1,D1,,,6.6773,,,
362.066,EMPTY_TRAVEL_END,fixed,T03,D1,S1,,,,,,
362.066,QUEUE_FOR_SHOVEL,fixed,T03,S1,S1,S1,,,0.0,,
362.066,LOADING_START,fixed,T03,S1,S1,S1,,4.4826,0.0,0.0,
362.4581,LOADED_TRAVEL_END,fixed,T05,S1,D1,,,,,,
362.4581,QUEUE_FOR_DUMP,fixed,T05,D1,D1,,D1,,0.0,,
362.4581,DUMPING_START,fixed,T05,D1,D1,,D1,1.045,,0.0,96.5023
363.0121,LOADING_END,fixed,T06,S2,D2,S2,,4.2636,,,
363.0121,LOADED_TRAVEL_START,fixed,T06,S2,D2,,,5.9602,,,
363.5031,DUMPING_END,fixed,T05,D1,D1,,D1,,,,96.5023
363.5031,DISPATCH,fixed,T05,D1,S1,S1,D1,,,,
363.5031,EMPTY_TRAVEL_START,fixed,T05,D1,S1,,,5.5071,,,
363.8299,EMPTY_TRAVEL_END,fixed,T04,D2,S2,,,,,,
363.8299,QUEUE_FOR_SHOVEL,fixed,T04,S2,S2,S2,,,0.0,,
363.8299,LOADING_START,fixed,T04,S2,S2,S2,,4.3671,0.0,0.0,
364.2845,LOADED_TRAVEL_END,fixed,T02,S2,D2,,,,,,
364.2845,QUEUE_FOR_DUMP,fixed,T02,D2,D2,,D2,,0.0,,
364.2845,DUMPING_START,fixed,T02,D2,D2,,D2,1.1624,,0.0,99.1105
365.4469,DUMPING_END,fixed,T02,D2,D2,,D2,,,,99.1105
365.4469,DISPATCH,fixed,T02,D2,S2,S2,D2,,,,
365.4469,EMPTY_TRAVEL_START,fixed,T02,D2,S2,,,3.8053,,,
366.5486,LOADING_END,fixed,T03,S1,D1,S1,,4.4826,,,
366.5486,LOADED_TRAVEL_START,fixed,T03,S1,D1,,,6.3369,,,
368.197,LOADING_END,fixed,T04,S2,D2,S2,,4.3671,,,
368.197,LOADED_TRAVEL_START,fixed,T04,S2,D2,,,5.4129,,,
368.2575,LOADED_TRAVEL_END,fixed,T01,S1,D1,,,,,,
368.2575,QUEUE_FOR_DUMP,fixed,T01,D1,D1,,D1,,0.0,,
368.2575,DUMPING_START,fixed,T01,D1,D1,,D1,1.1049,,0.0,90.5608
368.9724,LOADED_TRAVEL_END,fixed,T06,S2,D2,,,,,,
368.9724,QUEUE_FOR_DUMP,fixed,T06,D2,D2,,D2,,0.0,,
368.9724,DUMPING_START,fixed,T06,D2,D2,,D2,1.0452,,0.0,88.86
369.0102,EMPTY_TRAVEL_END,fixed,T05,D1,S1,,,,,,
369.0102,QUEUE_FOR_SHOVEL,fixed,T05,S1,S1,S1,,,0.0,,
369.0102,LOADING_START,fixed,T05,S1,S1,S1,,4.8645,0.0,0.0,
369.2522,EMPTY_TRAVEL_END,fixed,T02,D2,S2,,,,,,
369.2522,QUEUE_FOR_SHOVEL,fixed,T02,S2,S2,S2,,,0.0,,
369.2522,LOADING_START,fixed,T02,S2,S2,S2,,4.9258,0.0,0.0,
369.3624,DUMPING_END,fixed,T01,D1,D1,,D1,,,,90.5608
369.3624,DISPATCH,fixed,T01,D1,S1,S1,D1,,,,
369.3624,EMPTY_TRAVEL_START,fixed,T01,D1,S1,,,4.926,,,
370.0176,DUMPING_END,fixed,T06,D2,D2,,D2,,,,88.86
370.0176,DISPATCH,fixed,T06,D2,S2,S2,D2,,,,
370.0176,EMPTY_TRAVEL_START,fixed,T06,D2,S2,,,4.0611,,,
372.8855,LOADED_TRAVEL_END,fixed,T03,S1,D1,,,,,,
372.8855,QUEUE_FOR_DUMP,fixed,T03,D1,D1,,D1,,0.0,,
372.8855,DUMPING_START,fixed,T03,D1,D1,,D1,1.2936,,0.0,93.2751
373.6099,LOADED_TRAVEL_END,fixed,T04,S2,D2,,,,,,
373.6099,QUEUE_FOR_DUMP,fixed,T04,D2,D2,,D2,,0.0,,
373.6099,DUMPING_START,fixed,T04,D2,D2,,D2,1.6957,,0.0,87.2643
373.8746,LOADING_END,fixed,T05,S1,D1,S1,,4.8645,,,
373.8746,LOADED_TRAVEL_START,fixed,T05,S1,D1,,,6.6974,,,
374.0786,EMPTY_TRAVEL_END,fixed,T06,D2,S2,,,,,,
374.0786,QUEUE_FOR_SHOVEL,fixed,T06,S2,S2,S2,,,0.0,,
374.178,LOADING_END,fixed,T02,S2,D2,S2,,4.9258,,,
374.178,LOADED_TRAVEL_START,fixed,T02,S2,D2,,,5.4558,,,
374.178,LOADING_START,fixed,T06,S2,S2,S2,,4.6923,0.0,0.0993,
374.179,DUMPING_END,fixed,T03,D1,D1,,D1,,,,93.2751
374.179,DISPATCH,fixed,T03,D1,S1,S1,D1,,,,
374.179,EMPTY_TRAVEL_START,fixed,T03,D1,S1,,,4.7428,,,
374.2884,EMPTY_TRAVEL_END,fixed,T01,D1,S1,,,,,,
374.2884,QUEUE_FOR_SHOVEL,fixed,T01,S1,S1,S1,,,0.0,,
374.2884,LOADING_START,fixed,T01,S1,S1,S1,,5.573,0.0,0.0,
375.3055,DUMPING_END,fixed,T04,D2,D2,,D2,,,,87.2643
375.3055,DISPATCH,fixed,T04,D2,S2,S2,D2,,,,
375.3055,EMPTY_TRAVEL_START,fixed,T04,D2,S2,,,3.849,,,
378.8703,LOADING_END,fixed,T06,S2,D2,S2,,4.6923,,,
378.8703,LOADED_TRAVEL_START,fixed,T06,S2,D2,,,4.9219,,,
378.9218,EMPTY_TRAVEL_END,fixed,T03,D1,S1,,,,,,
378.9218,QUEUE_FOR_SHOVEL,fixed,T03,S1,S1,S1,,,0.0,,
379.1545,EMPTY_TRAVEL_END,fixed,T04,D2,S2,,,,,,
379.1545,QUEUE_FOR_SHOVEL,fixed,T04,S2,S2,S2,,,0.0,,
379.1545,LOADING_START,fixed,T04,S2,S2,S2,,5.3323,0.0,0.0,
379.6338,LOADED_TRAVEL_END,fixed,T02,S2,D2,,,,,,
379.6338,QUEUE_FOR_DUMP,fixed,T02,D2,D2,,D2,,0.0,,
379.6338,DUMPING_START,fixed,T02,D2,D2,,D2,1.2193,,0.0,98.7907
379.8614,LOADING_END,fixed,T01,S1,D1,S1,,5.573,,,
379.8614,LOADED_TRAVEL_START,fixed,T01,S1,D1,,,6.8576,,,
379.8614,LOADING_START,fixed,T03,S1,S1,S1,,5.1689,0.0,0.9396,
380.572,LOADED_TRAVEL_END,fixed,T05,S1,D1,,,,,,
380.572,QUEUE_FOR_DUMP,fixed,T05,D1,D1,,D1,,0.0,,
380.572,DUMPING_START,fixed,T05,D1,D1,,D1,1.0763,,0.0,94.438
380.8531,DUMPING_END,fixed,T02,D2,D2,,D2,,,,98.7907
380.8531,DISPATCH,fixed,T02,D2,S2,S2,D2,,,,
380.8531,EMPTY_TRAVEL_START,fixed,T02,D2,S2,,,3.6797,,,
381.6483,DUMPING_END,fixed,T05,D1,D1,,D1,,,,94.438
381.6483,DISPATCH,fixed,T05,D1,S1,S1,D1,,,,
381.6483,EMPTY_TRAVEL_START,fixed,T05,D1,S1,,,4.633,,,
383.7922,LOADED_TRAVEL_END,fixed,T06,S2,D2,,,,,,
383.7922,QUEUE_FOR_DUMP,fixed,T06,D2,D2,,D2,,0.0,,
383.7922,DUMPING_START,fixed,T06,D2,D2,,D2,1.8871,,0.0,88.0575
384.4868,LOADING_END,fixed,T04,S2,D2,S2,,5.3323,,,
384.4868,LOADED_TRAVEL_START,fixed,T04,S2,D2,,,5.4351,,,
384.5328,EMPTY_TRAVEL_END,fixed,T02,D2,S2,,,,,,
384.5328,QUEUE_FOR_SHOVEL,fixed,T02,S2,S2,S2,,,0.0,,
384.5328,LOADING_START,fixed,T02,S2,S2,S2,,5.8443,0.0,0.0,
385.0303,LOADING_END,fixed,T03,S1,D1,S1,,5.1689,,,
385.0303,LOADED_TRAVEL_START,fixed,T03,S1,D1,,,6.7905,,,
385.6793,DUMPING_END,fixed,T06,D2,D2,,D2,,,,88.0575
385.6793,DISPATCH,fixed,T06,D2,S2,S2,D2,,,,
385.6793,EMPTY_TRAVEL_START,fixed,T06,D2,S2,,,4.0943,,,
386.2813,EMPTY_TRAVEL_END,fixed,T05,D1,S1,,,,,,
386.2813,QUEUE_FOR_SHOVEL,fixed,T05,S1,S1,S1,,,0.0,,
386.2813,LOADING_START,fixed,T05,S1,S1,S1,,4.8906,0.0,0.0,
386.719,LOADED_TRAVEL_END,fixed,T01,S1,D1,,,,,,
386.719,QUEUE_FOR_DUMP,fixed,T01,D1,D1,,D1,,0.0,,
386.719,DUMPING_START,fixed,T01,D1,D1,,D1,1.5014,,0.0,90.9102
388.2203,DUMPING_END,fixed,T01,D1,D1,,D1,,,,90.9102
388.2203,DISPATCH,fixed,T01,D1,S1,S1,D1,,,,
388.2203,EMPTY_TRAVEL_START,fixed,T01,D1,S1,,,4.5997,,,
389.7735,EMPTY_TRAVEL_END,fixed,T06,D2,S2,,,,,,
389.7735,QUEUE_FOR_SHOVEL,fixed,T06,S2,S2,S2,,,0.0,,
389.9219,LOADED_TRAVEL_END,fixed,T04,S2,D2,,,,,,
389.9219,QUEUE_FOR_DUMP,fixed,T04,D2,D2,,D2,,0.0,,
389.9219,DUMPING_START,fixed,T04,D2,D2,,D2,1.5339,,0.0,92.9602
390.3771,LOADING_END,fixed,T02,S2,D2,S2,,5.8443,,,
390.3771,LOADED_TRAVEL_START,fixed,T02,S2,D2,,,5.4404,,,
390.3771,LOADING_START,fixed,T06,S2,S2,S2,,4.4165,0.0,0.6035,
391.172,LOADING_END,fixed,T05,S1,D1,S1,,4.8906,,,
391.172,LOADED_TRAVEL_START,fixed,T05,S1,D1,,,6.0703,,,
391.4557,DUMPING_END,fixed,T04,D2,D2,,D2,,,,92.9602
391.4557,DISPATCH,fixed,T04,D2,S2,S2,D2,,,,
391.4557,EMPTY_TRAVEL_START,fixed,T04,D2,S2,,,3.7872,,,
391.8208,LOADED_TRAVEL_END,fixed,T03,S1,D1,,,,,,
391.8208,QUEUE_FOR_DUMP,fixed,T03,D1,D1,,D1,,0.0,,
391.8208,DUMPING_START,fixed,T03,D1,D1,,D1,1.4914,,0.0,92.8969
392.82,EMPTY_TRAVEL_END,fixed,T01,D1,S1,,,,,,
392.82,QUEUE_FOR_SHOVEL,fixed,T01,S1,S1,S1,,,0.0,,
392.82,LOADING_START,fixed,T01,S1,S1,S1,,4.3146,0.0,0.0,
393.3122,DUMPING_END,fixed,T03,D1,D1,,D1,,,,92.8969
393.3122,DISPATCH,fixed,T03,D1,S1,S1,D1,,,,
393.3122,EMPTY_TRAVEL_START,fixed,T03,D1,S1,,,5.1616,,,
394.7936,LOADING_END,fixed,T06,S2,D2,S2,,4.4165,,,
394.7936,LOADED_TRAVEL_START,fixed,T06,S2,D2,,,5.5548,,,
395.2429,EMPTY_TRAVEL_END,fixed,T04,D2,S2,,,,,,
395.2429,QUEUE_FOR_SHOVEL,fixed,T04,S2,S2,S2,,,0.0,,
395.2429,LOADING_START,fixed,T04,S2,S2,S2,,5.4684,0.0,0.0,
395.8175,LOADED_TRAVEL_END,fixed,T02,S2,D2,,,,,,
395.8175,QUEUE_FOR_DUMP,fixed,T02,D2,D2,,D2,,0.0,,
395.8175,DUMPING_START,fixed,T02,D2,D2,,D2,1.6667,,0.0,100.2194
397.1346,LOADING_END,fixed,T01,S1,D1,S1,,4.3146,,,
397.1346,LOADED_TRAVEL_START,fixed,T01,S1,D1,,,6.547,,,
397.2423,LOADED_TRAVEL_END,fixed,T05,S1,D1,,,,,,
397.2423,QUEUE_FOR_DUMP,fixed,T05,D1,D1,,D1,,0.0,,
397.2423,DUMPING_START,fixed,T05,D1,D1,,D1,1.7682,,0.0,92.3326
397.4842,DUMPING_END,fixed,T02,D2,D2,,D2,,,,100.2194
397.4842,DISPATCH,fixed,T02,D2,S2,S2,D2,,,,
397.4842,EMPTY_TRAVEL_START,fixed,T02,D2,S2,,,3.6534,,,
398.4738,EMPTY_TRAVEL_END,fixed,T03,D1,S1,,,,,,
398.4738,QUEUE_FOR_SHOVEL,fixed,T03,S1,S1,S1,,,0.0,,
398.4738,LOADING_START,fixed,T03,S1,S1,S1,,4.5068,0.0,0.0,
399.0104,DUMPING_END,fixed,T05,D1,D1,,D1,,,,92.3326
399.0104,DISPATCH,fixed,T05,D1,S1,S1,D1,,,,
399.0104,EMPTY_TRAVEL_START,fixed,T05,D1,S1,,,4.899,,,
400.3484,LOADED_TRAVEL_END,fixed,T06,S2,D2,,,,,,
400.3484,QUEUE_FOR_DUMP,fixed,T06,D2,D2,,D2,,0.0,,
400.3484,DUMPING_START,fixed,T06,D2,D2,,D2,1.185,,0.0,91.4837
400.7113,LOADING_END,fixed,T04,S2,D2,S2,,5.4684,,,
400.7113,LOADED_TRAVEL_START,fixed,T04,S2,D2,,,4.678,,,
401.1376,EMPTY_TRAVEL_END,fixed,T02,D2,S2,,,,,,
401.1376,QUEUE_FOR_SHOVEL,fixed,T02,S2,S2,S2,,,0.0,,
401.1376,LOADING_START,fixed,T02,S2,S2,S2,,5.6789,0.0,0.0,
401.5334,DUMPING_END,fixed,T06,D2,D2,,D2,,,,91.4837
401.5334,DISPATCH,fixed,T06,D2,S2,S2,D2,,,,
401.5334,EMPTY_TRAVEL_START,fixed,T06,D2,S2,,,4.2077,,,
402.9806,LOADING_END,fixed,T03,S1,D1,S1,,4.5068,,,
402.9806,LOADED_TRAVEL_START,fixed,T03,S1,D1,,,6.5054,,,
403.6817,LOADED_TRAVEL_END,fixed,T01,S1,D1,,,,,,
403.6817,QUEUE_FOR_DUMP,fixed,T01,D1,D1,,D1,,0.0,,
403.6817,DUMPING_START,fixed,T01,D1,D1,,D1,1.0816,,0.0,100.1845
403.9095,EMPTY_TRAVEL_END,fixed,T05,D1,S1,,,,,,
403.9095,QUEUE_FOR_SHOVEL,fixed,T05,S1,S1,S1,,,0.0,,
403.9095,LOADING_START,fixed,T05,S1,S1,S1,,4.416,0.0,0.0,
404.7633,DUMPING_END,fixed,T01,D1,D1,,D1,,,,100.1845
404.7633,DISPATCH,fixed,T01,D1,S1,S1,D1,,,,
404.7633,EMPTY_TRAVEL_START,fixed,T01,D1,S1,,,5.2786,,,
405.3894,LOADED_TRAVEL_END,fixed,T04,S2,D2,,,,,,
405.3894,QUEUE_FOR_DUMP,fixed,T04,D2,D2,,D2,,0.0,,
405.3894,DUMPING_START,fixed,T04,D2,D2,,D2,1.3254,,0.0,98.7818
405.7411,EMPTY_TRAVEL_END,fixed,T06,D2,S2,,,,,,
405.7411,QUEUE_FOR_SHOVEL,fixed,T06,S2,S2,S2,,,0.0,,
406.7148,DUMPING_END,fixed,T04,D2,D2,,D2,,,,98.7818
406.7148,DISPATCH,fixed,T04,D2,S2,S2,D2,,,,
406.7148,EMPTY_TRAVEL_START,fixed,T04,D2,S2,,,3.865,,,
406.8165,LOADING_END,fixed,T02,S2,D2,S2,,5.6789,,,
406.8165,LOADED_TRAVEL_START,fixed,T02,S2,D2,,,5.0882,,,
406.8165,LOADING_START,fixed,T06,S2,S2,S2,,4.6782,0.0,1.0754,
408.3255,LOADING_END,fixed,T05,S1,D1,S1,,4.416,,,
408.3255,LOADED_TRAVEL_START,fixed,T05,S1,D1,,,6.968,,,
409.486,LOADED_TRAVEL_END,fixed,T03,S1,D1,,,,,,
409.486,QUEUE_FOR_DUMP,fixed,T03,D1,D1,,D1,,0.0,,
409.486,DUMPING_START,fixed,T03,D1,D1,,D1,1.4195,,0.0,92.6625
410.0419,EMPTY_TRAVEL_END,fixed,T01,D1,S1,,,,,,
410.0419,QUEUE_FOR_SHOVEL,fixed,T01,S1,S1,S1,,,0.0,,
410.0419,LOADING_START,fixed,T01,S1,S1,S1,,4.8935,0.0,0.0,
410.5798,EMPTY_TRAVEL_END,fixed,T04,D2,S2,,,,,,
410.5798,QUEUE_FOR_SHOVEL,fixed,T04,S2,S2,S2,,,0.0,,
410.9055,DUMPING_END,fixed,T03,D1,D1,,D1,,,,92.6625
410.9055,DISPATCH,fixed,T03,D1,S1,S1,D1,,,,
410.9055,EMPTY_TRAVEL_START,fixed,T03,D1,S1,,,5.4882,,,
411.4947,LOADING_END,fixed,T06,S2,D2,S2,,4.6782,,,
411.4947,LOADED_TRAVEL_START,fixed,T06,S2,D2,,,5.7373,,,
411.4947,LOADING_START,fixed,T04,S2,S2,S2,,5.4409,0.0,0.9149,
411.9047,LOADED_TRAVEL_END,fixed,T02,S2,D2,,,,,,
411.9047,QUEUE_FOR_DUMP,fixed,T02,D2,D2,,D2,,0.0,,
411.9047,DUMPING_START,fixed,T02,D2,D2,,D2,1.4025,,0.0,99.2532
413.3072,DUMPING_END,fixed,T02,D2,D2,,D2,,,,99.2532
413.3072,DISPATCH,fixed,T02,D2,S2,S2,D2,,,,
413.3072,EMPTY_TRAVEL_START,fixed,T02,D2,S2,,,4.0803,,,
414.9354,LOADING_END,fixed,T01,S1,D1,S1,,4.8935,,,
414.9354,LOADED_TRAVEL_START,fixed,T01,S1,D1,,,6.3034,,,
415.2935,LOADED_TRAVEL_END,fixed,T05,S1,D1,,,,,,
415.2935,QUEUE_FOR_DUMP,fixed,T05,D1,D1,,D1,,0.0,,
415.2935,DUMPING_START,fixed,T05,D1,D1,,D1,1.1674,,0.0,97.7876
416.3937,EMPTY_TRAVEL_END,fixed,T03,D1,S1,,,,,,
416.3937,QUEUE_FOR_SHOVEL,fixed,T03,S1,S1,S1,,,0.0,,
416.3937,LOADING_START,fixed,T03,S1,S1,S1,,5.9247,0.0,0.0,
416.4609,DUMPING_END,fixed,T05,D1,D1,,D1,,,,97.7876
416.4609,DISPATCH,fixed,T05,D1,S1,S1,D1,,,,
416.4609,EMPTY_TRAVEL_START,fixed,T05,D1,S1,,,4.9271,,,
416.9356,LOADING_END,fixed,T04,S2,D2,S2,,5.4409,,,
416.9356,LOADED_TRAVEL_START,fixed,T04,S2,D2,,,5.4409,,,
417.232,LOADED_TRAVEL_END,fixed,T06,S2,D2,,,,,,
417.232,QUEUE_FOR_DUMP,fixed,T06,D2,D2,,D2,,0.0,,
417.232,DUMPING_START,fixed,T06,D2,D2,,D2,1.8169,,0.0,84.1161
417.3875,EMPTY_TRAVEL_END,fixed,T02,D2,S2,,,,,,
417.3875,QUEUE_FOR_SHOVEL,fixed,T02,S2,S2,S2,,,0.0,,
417.3875,LOADING_START,fixed,T02,S2,S2,S2,,5.4321,0.0,0.0,
419.0488,DUMPING_END,fixed,T06,D2,D2,,D2,,,,84.1161
419.0488,DISPATCH,fixed,T06,D2,S2,S2,D2,,,,
419.0488,EMPTY_TRAVEL_START,fixed,T06,D2,S2,,,4.061,,,
421.2387,LOADED_TRAVEL_END,fixed,T01,S1,D1,,,,,,
421.2387,QUEUE_FOR_DUMP,fixed,T01,D1,D1,,D1,,0.0,,
421.2387,DUMPING_START,fixed,T01,D1,D1,,D1,0.8981,,0.0,92.2759
421.388,EMPTY_TRAVEL_END,fixed,T05,D1,S1,,,,,,
421.388,QUEUE_FOR_SHOVEL,fixed,T05,S1,S1,S1,,,0.0,,
422.1369,DUMPING_END,fixed,T01,D1,D1,,D1,,,,92.2759
422.1369,DISPATCH,fixed,T01,D1,S1,S1,D1,,,,
422.1369,EMPTY_TRAVEL_START,fixed,T01,D1,S1,,,5.3301,,,
422.3184,LOADING_END,fixed,T03,S1,D1,S1,,5.9247,,,
422.3184,LOADED_TRAVEL_START,fixed,T03,S1,D1,,,7.4817,,,
422.3184,LOADING_START,fixed,T05,S1,S1,S1,,5.1686,0.0,0.9304,
422.3765,LOADED_TRAVEL_END,fixed,T04,S2,D2,,,,,,
422.3765,QUEUE_FOR_DUMP,fixed,T04,D2,D2,,D2,,0.0,,
422.3765,DUMPING_START,fixed,T04,D2,D2,,D2,1.1302,,0.0,96.5052
422.8196,LOADING_END,fixed,T02,S2,D2,S2,,5.4321,,,
422.8196,LOADED_TRAVEL_START,fixed,T02,S2,D2,,,5.579,,,
423.1099,EMPTY_TRAVEL_END,fixed,T06,D2,S2,,,,,,
423.1099,QUEUE_FOR_SHOVEL,fixed,T06,S2,S2,S2,,,0.0,,
423.1099,LOADING_START,fixed,T06,S2,S2,S2,,4.9446,0.0,0.0,
423.5068,DUMPING_END,fixed,T04,D2,D2,,D2,,,,96.5052
423.5068,DISPATCH,fixed,T04,D2,S2,S2,D2,,,,
423.5068,EMPTY_TRAVEL_START,fixed,T04,D2,S2,,,4.1555,,,
427.467,EMPTY_TRAVEL_END,fixed,T01,D1,S1,,,,,,
427.467,QUEUE_FOR_SHOVEL,fixed,T01,S1,S1,S1,,,0.0,,
427.487,LOADING_END,fixed,T05,S1,D1,S1,,5.1686,,,
427.487,LOADED_TRAVEL_START,fixed,T05,S1,D1,,,6.8272,,,
427.487,LOADING_START,fixed,T01,S1,S1,S1,,4.2454,0.0,0.02,
427.6623,EMPTY_TRAVEL_END,fixed,T04,D2,S2,,,,,,
427.6623,QUEUE_FOR_SHOVEL,fixed,T04,S2,S2,S2,,,0.0,,
428.0544,LOADING_END,fixed,T06,S2,D2,S2,,4.9446,,,
428.0544,LOADED_TRAVEL_START,fixed,T06,S2,D2,,,5.0023,,,
428.0544,LOADING_START,fixed,T04,S2,S2,S2,,4.9112,0.0,0.3922,
428.3985,LOADED_TRAVEL_END,fixed,T02,S2,D2,,,,,,
428.3985,QUEUE_FOR_DUMP,fixed,T02,D2,D2,,D2,,0.0,,
428.3985,DUMPING_START,fixed,T02,D2,D2,,D2,1.4186,,0.0,92.7662
429.8001,LOADED_TRAVEL_END,fixed,T03,S1,D1,,,,,,
429.8001,QUEUE_FOR_DUMP,fixed,T03,D1,D1,,D1,,0.0,,
429.8001,DUMPING_START,fixed,T03,D1,D1,,D1,1.164,,0.0,101.2052
429.8171,DUMPING_END,fixed,T02,D2,D2,,D2,,,,92.7662
429.8171,DISPATCH,fixed,T02,D2,S2,S2,D2,,,,
429.8171,EMPTY_TRAVEL_START,fixed,T02,D2,S2,,,3.4198,,,
430.9641,DUMPING_END,fixed,T03,D1,D1,,D1,,,,101.2052
430.9641,DISPATCH,fixed,T03,D1,S1,S1,D1,,,,
430.9641,EMPTY_TRAVEL_START,fixed,T03,D1,S1,,,4.8927,,,
431.7324,LOADING_END,fixed,T01,S1,D1,S1,,4.2454,,,
431.7324,LOADED_TRAVEL_START,fixed,T01,S1,D1,,,6.6404,,,
432.9656,LOADING_END,fixed,T04,S2,D2,S2,,4.9112,,,
432.9656,LOADED_TRAVEL_START,fixed,T04,S2,D2,,,5.7709,,,
433.0567,LOADED_TRAVEL_END,fixed,T06,S2,D2,,,,,,
433.0567,QUEUE_FOR_DUMP,fixed,T06,D2,D2,,D2,,0.0,,
433.0567,DUMPING_START,fixed,T06,D2,D2,,D2,1.4409,,0.0,95.7796
433.2369,EMPTY_TRAVEL_END,fixed,T02,D2,S2,,,,,,
433.2369,QUEUE_FOR_SHOVEL,fixed,T02,S2,S2,S2,,,0.0,,
433.2369,LOADING_START,fixed,T02,S2,S2,S2,,4.301,0.0,0.0,
434.3142,LOADED_TRAVEL_END,fixed,T05,S1,D1,,,,,,
434.3142,QUEUE_FOR_DUMP,fixed,T05,D1,D1,,D1,,0.0,,
434.3142,DUMPING_START,fixed,T05,D1,D1,,D1,1.26,,0.0,90.3149
434.4976,DUMPING_END,fixed,T06,D2,D2,,D2,,,,95.7796
434.4976,DISPATCH,fixed,T06,D2,S2,S2,D2,,,,
434.4976,EMPTY_TRAVEL_START,fixed,T06,D2,S2,,,4.4369,,,
435.5741,DUMPING_END,fixed,T05,D1,D1,,D1,,,,90.3149
435.5741,DISPATCH,fixed,T05,D1,S1,S1,D1,,,,
435.5741,EMPTY_TRAVEL_START,fixed,T05,D1,S1,,,5.0543,,,
435.8569,EMPTY_TRAVEL_END,fixed,T03,D1,S1,,,,,,
435.8569,QUEUE_FOR_SHOVEL,fixed,T03,S1,S1,S1,,,0.0,,
435.8569,LOADING_START,fixed,T03,S1,S1,S1,,4.4706,0.0,0.0,
437.5379,LOADING_END,fixed,T02,S2,D2,S2,,4.301,,,
437.5379,LOADED_TRAVEL_START,fixed,T02,S2,D2,,,5.5616,,,
438.3728,LOADED_TRAVEL_END,fixed,T01,S1,D1,,,,,,
438.3728,QUEUE_FOR_DUMP,fixed,T01,D1,D1,,D1,,0.0,,
438.3728,DUMPING_START,fixed,T01,D1,D1,,D1,1.1001,,0.0,92.4784
438.7366,LOADED_TRAVEL_END,fixed,T04,S2,D2,,,,,,
438.7366,QUEUE_FOR_DUMP,fixed,T04,D2,D2,,D2,,0.0,,
438.7366,DUMPING_START,fixed,T04,D2,D2,,D2,1.6772,,0.0,90.6427
438.9345,EMPTY_TRAVEL_END,fixed,T06,D2,S2,,,,,,
438.9345,QUEUE_FOR_SHOVEL,fixed,T06,S2,S2,S2,,,0.0,,
438.9345,LOADING_START,fixed,T06,S2,S2,S2,,4.8058,0.0,0.0,
439.4728,DUMPING_END,fixed,T01,D1,D1,,D1,,,,92.4784
439.4728,DISPATCH,fixed,T01,D1,S1,S1,D1,,,,
439.4728,EMPTY_TRAVEL_START,fixed,T01,D1,S1,,,4.7029,,,
440.3275,LOADING_END,fixed,T03,S1,D1,S1,,4.4706,,,
440.3275,LOADED_TRAVEL_START,fixed,T03,S1,D1,,,7.2347,,,
440.4138,DUMPING_END,fixed,T04,D2,D2,,D2,,,,90.6427
440.4138,DISPATCH,fixed,T04,D2,S2,S2,D2,,,,
440.4138,EMPTY_TRAVEL_START,fixed,T04,D2,S2,,,4.1559,,,
440.6285,EMPTY_TRAVEL_END,fixed,T05,D1,S1,,,,,,
440.6285,QUEUE_FOR_SHOVEL,fixed,T05,S1,S1,S1,,,0.0,,
440.6285,LOADING_START,fixed,T05,S1,S1,S1,,5.1857,0.0,0.0,
443.0996,LOADED_TRAVEL_END,fixed,T02,S2,D2,,,,,,
443.0996,QUEUE_FOR_DUMP,fixed,T02,D2,D2,,D2,,0.0,,
443.0996,DUMPING_START,fixed,T02,D2,D2,,D2,1.4683,,0.0,95.4817
443.7403,LOADING_END,fixed,T06,S2,D2,S2,,4.8058,,,
443.7403,LOADED_TRAVEL_START,fixed,T06,S2,D2,,,5.7221,,,
444.1758,EMPTY_TRAVEL_END,fixed,T01,D1,S1,,,,,,
444.1758,QUEUE_FOR_SHOVEL,fixed,T01,S1,S1,S1,,,0.0,,
444.5679,DUMPING_END,fixed,T02,D2,D2,,D2,,,,95.4817
444.5679,DISPATCH,fixed,T02,D2,S2,S2,D2,,,,
444.5679,EMPTY_TRAVEL_START,fixed,T02,D2,S2,,,3.4815,,,
444.5697,EMPTY_TRAVEL_END,fixed,T04,D2,S2,,,,,,
444.5697,QUEUE_FOR_SHOVEL,fixed,T04,S2,S2,S2,,,0.0,,
444.5697,LOADING_START,fixed,T04,S2,S2,S2,,5.194,0.0,0.0,
445.8142,LOADING_END,fixed,T05,S1,D1,S1,,5.1857,,,
445.8142,LOADED_TRAVEL_START,fixed,T05,S1,D1,,,6.674,,,
445.8142,LOADING_START,fixed,T01,S1,S1,S1,,4.9363,0.0,1.6384,
447.5622,LOADED_TRAVEL_END,fixed,T03,S1,D1,,,,,,
447.5622,QUEUE_FOR_DUMP,fixed,T03,D1,D1,,D1,,0.0,,
447.5622,DUMPING_START,fixed,T03,D1,D1,,D1,1.932,,0.0,92.8148
448.0493,EMPTY_TRAVEL_END,fixed,T02,D2,S2,,,,,,
448.0493,QUEUE_FOR_SHOVEL,fixed,T02,S2,S2,S2,,,0.0,,
449.4625,LOADED_TRAVEL_END,fixed,T06,S2,D2,,,,,,
449.4625,QUEUE_FOR_DUMP,fixed,T06,D2,D2,,D2,,0.0,,
449.4625,DUMPING_START,fixed,T06,D2,D2,,D2,1.7501,,0.0,95.6818
449.4942,DUMPING_END,fixed,T03,D1,D1,,D1,,,,92.8148
449.4942,DISPATCH,fixed,T03,D1,S1,S1,D1,,,,
449.4942,EMPTY_TRAVEL_START,fixed,T03,D1,S1,,,4.9106,,,
449.7637,LOADING_END,fixed,T04,S2,D2,S2,,5.194,,,
449.7637,LOADED_TRAVEL_START,fixed,T04,S2,D2,,,4.8236,,,
449.7637,LOADING_START,fixed,T02,S2,S2,S2,,5.2811,0.0,1.7144,
450.7506,LOADING_END,fixed,T01,S1,D1,S1,,4.9363,,,
450.7506,LOADED_TRAVEL_START,fixed,T01,S1,D1,,,6.9517,,,
451.2125,DUMPING_END,fixed,T06,D2,D2,,D2,,,,95.6818
451.2125,DISPATCH,fixed,T06,D2,S2,S2,D2,,,,
451.2125,EMPTY_TRAVEL_START,fixed,T06,D2,S2,,,4.4294,,,
452.4882,LOADED_TRAVEL_END,fixed,T05,S1,D1,,,,,,
452.4882,QUEUE_FOR_DUMP,fixed,T05,D1,D1,,D1,,0.0,,
452.4882,DUMPING_START,fixed,T05,D1,D1,,D1,1.1158,,0.0,98.3077
453.604,DUMPING_END,fixed,T05,D1,D1,,D1,,,,98.3077
453.604,DISPATCH,fixed,T05,D1,S1,S1,D1,,,,
453.604,EMPTY_TRAVEL_START,fixed,T05,D1,S1,,,4.8182,,,
454.4048,EMPTY_TRAVEL_END,fixed,T03,D1,S1,,,,,,
454.4048,QUEUE_FOR_SHOVEL,fixed,T03,S1,S1,S1,,,0.0,,
454.4048,LOADING_START,fixed,T03,S1,S1,S1,,5.143,0.0,0.0,
454.5873,LOADED_TRAVEL_END,fixed,T04,S2,D2,,,,,,
454.5873,QUEUE_FOR_DUMP,fixed,T04,D2,D2,,D2,,0.0,,
454.5873,DUMPING_START,fixed,T04,D2,D2,,D2,1.6741,,0.0,90.0804
455.0448,LOADING_END,fixed,T02,S2,D2,S2,,5.2811,,,
455.0448,LOADED_TRAVEL_START,fixed,T02,S2,D2,,,5.1327,,,
455.6419,EMPTY_TRAVEL_END,fixed,T06,D2,S2,,,,,,
455.6419,QUEUE_FOR_SHOVEL,fixed,T06,S2,S2,S2,,,0.0,,
455.6419,LOADING_START,fixed,T06,S2,S2,S2,,6.0393,0.0,0.0,
456.2614,DUMPING_END,fixed,T04,D2,D2,,D2,,,,90.0804
456.2614,DISPATCH,fixed,T04,D2,S2,S2,D2,,,,
456.2614,EMPTY_TRAVEL_START,fixed,T04,D2,S2,,,3.8564,,,
457.7022,LOADED_TRAVEL_END,fixed,T01,S1,D1,,,,,,
457.7022,QUEUE_FOR_DUMP,fixed,T01,D1,D1,,D1,,0.0,,
457.7022,DUMPING_START,fixed,T01,D1,D1,,D1,1.0309,,0.0,100.5145
458.4222,EMPTY_TRAVEL_END,fixed,T05,D1,S1,,,,,,
458.4222,QUEUE_FOR_SHOVEL,fixed,T05,S1,S1,S1,,,0.0,,
458.7332,DUMPING_END,fixed,T01,D1,D1,,D1,,,,100.5145
458.7332,DISPATCH,fixed,T01,D1,S1,S1,D1,,,,
458.7332,EMPTY_TRAVEL_START,fixed,T01,D1,S1,,,5.3587,,,
459.5479,LOADING_END,fixed,T03,S1,D1,S1,,5.143,,,
459.5479,LOADED_TRAVEL_START,fixed,T03,S1,D1,,,7.3037,,,
459.5479,LOADING_START,fixed,T05,S1,S1,S1,,4.4056,0.0,1.1256,
460.1178,EMPTY_TRAVEL_END,fixed,T04,D2,S2,,,,,,
460.1178,QUEUE_FOR_SHOVEL,fixed,T04,S2,S2,S2,,,0.0,,
460.1775,LOADED_TRAVEL_END,fixed,T02,S2,D2,,,,,,
460.1775,QUEUE_FOR_DUMP,fixed,T02,D2,D2,,D2,,0.0,,
460.1775,DUMPING_START,fixed,T02,D2,D2,,D2,1.6055,,0.0,99.0027
461.6812,LOADING_END,fixed,T06,S2,D2,S2,,6.0393,,,
461.6812,LOADED_TRAVEL_START,fixed,T06,S2,D2,,,5.0267,,,
461.6812,LOADING_START,fixed,T04,S2,S2,S2,,4.9102,0.0,1.5635,
461.783,DUMPING_END,fixed,T02,D2,D2,,D2,,,,99.0027
461.783,DISPATCH,fixed,T02,D2,S2,S2,D2,,,,
461.783,EMPTY_TRAVEL_START,fixed,T02,D2,S2,,,4.2124,,,
463.9534,LOADING_END,fixed,T05,S1,D1,S1,,4.4056,,,
463.9534,LOADED_TRAVEL_START,fixed,T05,S1,D1,,,7.2268,,,
464.0918,EMPTY_TRAVEL_END,fixed,T01,D1,S1,,,,,,
464.0918,QUEUE_FOR_SHOVEL,fixed,T01,S1,S1,S1,,,0.0,,
464.0918,LOADING_START,fixed,T01,S1,S1,S1,,4.5707,0.0,0.0,
465.9955,EMPTY_TRAVEL_END,fixed,T02,D2,S2,,,,,,
465.9955,QUEUE_FOR_SHOVEL,fixed,T02,S2,S2,S2,,,0.0,,
466.5915,LOADING_END,fixed,T04,S2,D2,S2,,4.9102,,,
466.5915,LOADED_TRAVEL_START,fixed,T04,S2,D2,,,5.2222,,,
466.5915,LOADING_START,fixed,T02,S2,S2,S2,,5.0909,0.0,0.596,
466.7079,LOADED_TRAVEL_END,fixed,T06,S2,D2,,,,,,
466.7079,QUEUE_FOR_DUMP,fixed,T06,D2,D2,,D2,,0.0,,
466.7079,DUMPING_START,fixed,T06,D2,D2,,D2,1.2241,,0.0,98.6761
466.8516,LOADED_TRAVEL_END,fixed,T03,S1,D1,,,,,,
466.8516,QUEUE_FOR_DUMP,fixed,T03,D1,D1,,D1,,0.0,,
466.8516,DUMPING_START,fixed,T03,D1,D1,,D1,1.2734,,0.0,88.0492
467.9321,DUMPING_END,fixed,T06,D2,D2,,D2,,,,98.6761
467.9321,DISPATCH,fixed,T06,D2,S2,S2,D2,,,,
467.9321,EMPTY_TRAVEL_START,fixed,T06,D2,S2,,,4.0447,,,
468.1249,DUMPING_END,fixed,T03,D1,D1,,D1,,,,88.0492
468.1249,DISPATCH,fixed,T03,D1,S1,S1,D1,,,,
468.1249,EMPTY_TRAVEL_START,fixed,T03,D1,S1,,,5.0157,,,
468.6626,LOADING_END,fixed,T01,S1,D1,S1,,4.5707,,,
468.6626,LOADED_TRAVEL_START,fixed,T01,S1,D1,,,5.97,,,
471.1803,LOADED_TRAVEL_END,fixed,T05,S1,D1,,,,,,
471.1803,QUEUE_FOR_DUMP,fixed,T05,D1,D1,,D1,,0.0,,
471.1803,DUMPING_START,fixed,T05,D1,D1,,D1,1.8355,,0.0,94.6458
471.6824,LOADING_END,fixed,T02,S2,D2,S2,,5.0909,,,
471.6824,LOADED_TRAVEL_START,fixed,T02,S2,D2,,,4.8563,,,
471.8137,LOADED_TRAVEL_END,fixed,T04,S2,D2,,,,,,
471.8137,QUEUE_FOR_DUMP,fixed,T04,D2,D2,,D2,,0.0,,
471.8137,DUMPING_START,fixed,T04,D2,D2,,D2,1.872,,0.0,94.9529
471.9767,EMPTY_TRAVEL_END,fixed,T06,D2,S2,,,,,,
471.9767,QUEUE_FOR_SHOVEL,fixed,T06,S2,S2,S2,,,0.0,,
471.9767,LOADING_START,fixed,T06,S2,S2,S2,,5.8578,0.0,0.0,
473.0158,DUMPING_END,fixed,T05,D1,D1,,D1,,,,94.6458
473.0158,DISPATCH,fixed,T05,D1,S1,S1,D1,,,,
473.0158,EMPTY_TRAVEL_START,fixed,T05,D1,S1,,,5.021,,,
473.1406,EMPTY_TRAVEL_END,fixed,T03,D1,S1,,,,,,
473.1406,QUEUE_FOR_SHOVEL,fixed,T03,S1,S1,S1,,,0.0,,
473.1406,LOADING_START,fixed,T03,S1,S1,S1,,4.032,0.0,0.0,
473.6857,DUMPING_END,fixed,T04,D2,D2,,D2,,,,94.9529
473.6857,DISPATCH,fixed,T04,D2,S2,S2,D2,,,,
473.6857,EMPTY_TRAVEL_START,fixed,T04,D2,S2,,,3.869,,,
474.6326,LOADED_TRAVEL_END,fixed,T01,S1,D1,,,,,,
474.6326,QUEUE_FOR_DUMP,fixed,T01,D1,D1,,D1,,0.0,,
474.6326,DUMPING_START,fixed,T01,D1,D1,,D1,1.2858,,0.0,100.3112
475.9184,DUMPING_END,fixed,T01,D1,D1,,D1,,,,100.3112
475.9184,DISPATCH,fixed,T01,D1,S1,S1,D1,,,,
475.9184,EMPTY_TRAVEL_START,fixed,T01,D1,S1,,,5.0548,,,
476.5387,LOADED_TRAVEL_END,fixed,T02,S2,D2,,,,,,
476.5387,QUEUE_FOR_DUMP,fixed,T02,D2,D2,,D2,,0.0,,
476.5387,DUMPING_START,fixed,T02,D2,D2,,D2,1.8079,,0.0,102.0
477.1726,LOADING_END,fixed,T03,S1,D1,S1,,4.032,,,
477.1726,LOADED_TRAVEL_START,fixed,T03,S1,D1,,,6.5275,,,
477.5547,EMPTY_TRAVEL_END,fixed,T04,D2,S2,,,,,,
477.5547,QUEUE_FOR_SHOVEL,fixed,T04,S2,S2,S2,,,0.0,,
477.8345,LOADING_END,fixed,T06,S2,D2,S2,,5.8578,,,
477.8345,LOADED_TRAVEL_START,fixed,T06,S2,D2,,,5.657,,,
477.8345,LOADING_START,fixed,T04,S2,S2,S2,,4.9013,0.0,0.2798,
478.0368,EMPTY_TRAVEL_END,fixed,T05,D1,S1,,,,,,
478.0368,QUEUE_FOR_SHOVEL,fixed,T05,S1,S1,S1,,,0.0,,
478.0368,LOADING_START,fixed,T05,S1,S1,S1,,4.6963,0.0,0.0,
478.3467,DUMPING_END,fixed,T02,D2,D2,,D2,,,,102.0
478.3467,DISPATCH,fixed,T02,D2,S2,S2,D2,,,,
478.3467,EMPTY_TRAVEL_START,fixed,T02,D2,S2,,,3.8136,,,
